SKU,CATEGORY,MODEL NO,IMAGES1,IMAGES 2,IMAGES 3,TITLE,DESCRIPTION,PRICE,SUB CATEGORY,WEIGHT,SIZE,ADD DATE,COMPANY
AppleIphone11-LIFEGOESON,MOBILE,APPLE IPHONE 5S/SE,http://desicovers.co.in/website mockups new/AppleIphone11-LIFEGOESON.jpg,0,0,Desi covers back cover for Apple Iphone 11 - & LIFE GOES ON ,"light weight , hard fiber case , good print quality",199,0,0,0,0,IPHONE
AppleIphone11-11,MOBILE,APPLE IPHONE 5S/SE,http://desicovers.co.in/website mockups new/AppleIphone11-11.jpg,0,0,Desi covers back cover for Apple Iphone 11 - 11 ,"light weight , hard fiber case , good print quality",199,0,0,0,0,IPHONE
AppleIphone11-13,MOBILE,APPLE IPHONE 5S/SE,http://desicovers.co.in/website mockups new/AppleIphone11-13.jpg,0,0,Desi covers back cover for Apple Iphone 11 - 13 ,"light weight , hard fiber case , good print quality",199,0,0,0,0,IPHONE
AppleIphone11-90SCARTOON,MOBILE,APPLE IPHONE 5S/SE,http://desicovers.co.in/website mockups new/AppleIphone11-90SCARTOON.jpg,0,0,Desi covers back cover for Apple Iphone 11 - 90S CARTOON ,"light weight , hard fiber case , good print quality",199,0,0,0,0,IPHONE
AppleIphone11-318,MOBILE,APPLE IPHONE 5S/SE,http://desicovers.co.in/website mockups new/AppleIphone11-318.jpg,0,0,Desi covers back cover for Apple Iphone 11 - 318 ,"light weight , hard fiber case , good print quality",199,0,0,0,0,IPHONE
AppleIphone11-ABSTRACTLOPOLY,MOBILE,APPLE IPHONE 5S/SE,http://desicovers.co.in/website mockups new/AppleIphone11-ABSTRACTLOPOLY.jpg,0,0,Desi covers back cover for Apple Iphone 11 - ABSTRACT LOPOLY ,"light weight , hard fiber case , good print quality",199,0,0,0,0,IPHONE
AppleIphone11-ABSTRACTPATTERN,MOBILE,APPLE IPHONE 5S/SE,http://desicovers.co.in/website mockups new/AppleIphone11-ABSTRACTPATTERN.jpg,0,0,Desi covers back cover for Apple Iphone 11 - ABSTRACT PATTERN ,"light weight , hard fiber case , good print quality",199,0,0,0,0,IPHONE
AppleIphone11-ALLMINIONS,MOBILE,APPLE IPHONE 5S/SE,http://desicovers.co.in/website mockups new/AppleIphone11-ALLMINIONS.jpg,0,0,Desi covers back cover for Apple Iphone 11 - ALL MINIONS ,"light weight , hard fiber case , good print quality",199,0,0,0,0,IPHONE
AppleIphone11-AMERICANSHINCHAN,MOBILE,APPLE IPHONE 5S/SE,http://desicovers.co.in/website mockups new/AppleIphone11-AMERICANSHINCHAN.jpg,0,0,Desi covers back cover for Apple Iphone 11 - AMERICAN SHINCHAN ,"light weight , hard fiber case , good print quality",199,0,0,0,0,IPHONE
AppleIphone11-ANGRYHULK,MOBILE,APPLE IPHONE 5S/SE,http://desicovers.co.in/website mockups new/AppleIphone11-ANGRYHULK.jpg,0,0,Desi covers back cover for Apple Iphone 11 - ANGRY HULK ,"light weight , hard fiber case , good print quality",199,0,0,0,0,IPHONE
AppleIphone11-ATTITUDESHINCHAN,MOBILE,APPLE IPHONE 5S/SE,http://desicovers.co.in/website mockups new/AppleIphone11-ATTITUDESHINCHAN.jpg,0,0,Desi covers back cover for Apple Iphone 11 - ATTITUDE SHINCHAN ,"light weight , hard fiber case , good print quality",199,0,0,0,0,IPHONE
AppleIphone11-AVENGERHULLK,MOBILE,APPLE IPHONE 5S/SE,http://desicovers.co.in/website mockups new/AppleIphone11-AVENGERHULLK.jpg,0,0,Desi covers back cover for Apple Iphone 11 - AVENGER HULLK ,"light weight , hard fiber case , good print quality",199,0,0,0,0,IPHONE
AppleIphone11-AVENGERTONYSTARCK,MOBILE,APPLE IPHONE 5S/SE,http://desicovers.co.in/website mockups new/AppleIphone11-AVENGERTONYSTARCK.jpg,0,0,Desi covers back cover for Apple Iphone 11 - AVENGER TONY STARCK ,"light weight , hard fiber case , good print quality",199,0,0,0,0,IPHONE
AppleIphone11-AWARABLACK,MOBILE,APPLE IPHONE 5S/SE,http://desicovers.co.in/website mockups new/AppleIphone11-AWARABLACK.jpg,0,0,Desi covers back cover for Apple Iphone 11 - AWARA BLACK ,"light weight , hard fiber case , good print quality",199,0,0,0,0,IPHONE
AppleIphone11-AWARABROWN,MOBILE,APPLE IPHONE 5S/SE,http://desicovers.co.in/website mockups new/AppleIphone11-AWARABROWN.jpg,0,0,Desi covers back cover for Apple Iphone 11 - AWARA BROWN ,"light weight , hard fiber case , good print quality",199,0,0,0,0,IPHONE
AppleIphone11-AWARAGREY,MOBILE,APPLE IPHONE 5S/SE,http://desicovers.co.in/website mockups new/AppleIphone11-AWARAGREY.jpg,0,0,Desi covers back cover for Apple Iphone 11 - AWARA GREY ,"light weight , hard fiber case , good print quality",199,0,0,0,0,IPHONE
AppleIphone11-AWARAPURPLE,MOBILE,APPLE IPHONE 5S/SE,http://desicovers.co.in/website mockups new/AppleIphone11-AWARAPURPLE.jpg,0,0,Desi covers back cover for Apple Iphone 11 - AWARA PURPLE ,"light weight , hard fiber case , good print quality",199,0,0,0,0,IPHONE
AppleIphone11-BABYPANDA,MOBILE,APPLE IPHONE 5S/SE,http://desicovers.co.in/website mockups new/AppleIphone11-BABYPANDA.jpg,0,0,Desi covers back cover for Apple Iphone 11 - BABY PANDA ,"light weight , hard fiber case , good print quality",199,0,0,0,0,IPHONE
AppleIphone11-BATLOGOGRAY,MOBILE,APPLE IPHONE 5S/SE,http://desicovers.co.in/website mockups new/AppleIphone11-BATLOGOGRAY.jpg,0,0,Desi covers back cover for Apple Iphone 11 - BAT LOGO GRAY ,"light weight , hard fiber case , good print quality",199,0,0,0,0,IPHONE
AppleIphone11-BATLOGOYELLOW,MOBILE,APPLE IPHONE 5S/SE,http://desicovers.co.in/website mockups new/AppleIphone11-BATLOGOYELLOW.jpg,0,0,Desi covers back cover for Apple Iphone 11 - BAT LOGO YELLOW ,"light weight , hard fiber case , good print quality",199,0,0,0,0,IPHONE
AppleIphone11-BATMANAKRAM,MOBILE,APPLE IPHONE 5S/SE,http://desicovers.co.in/website mockups new/AppleIphone11-BATMANAKRAM.jpg,0,0,Desi covers back cover for Apple Iphone 11 - BATMAN AKRAM ,"light weight , hard fiber case , good print quality",199,0,0,0,0,IPHONE
AppleIphone11-BATMANLOGO2,MOBILE,APPLE IPHONE 5S/SE,http://desicovers.co.in/website mockups new/AppleIphone11-BATMANLOGO2.jpg,0,0,Desi covers back cover for Apple Iphone 11 - BATMAN LOGO 2 ,"light weight , hard fiber case , good print quality",199,0,0,0,0,IPHONE
AppleIphone11-BATMAN_1,MOBILE,APPLE IPHONE 5S/SE,http://desicovers.co.in/website mockups new/AppleIphone11-BATMAN_1.jpg,0,0,Desi covers back cover for Apple Iphone 11 - BATMAN_1 ,"light weight , hard fiber case , good print quality",199,0,0,0,0,IPHONE
AppleIphone11-BEALEADER,MOBILE,APPLE IPHONE 5S/SE,http://desicovers.co.in/website mockups new/AppleIphone11-BEALEADER.jpg,0,0,Desi covers back cover for Apple Iphone 11 - BE A LEADER ,"light weight , hard fiber case , good print quality",199,0,0,0,0,IPHONE
AppleIphone11-BEYOURSELF,MOBILE,APPLE IPHONE 5S/SE,http://desicovers.co.in/website mockups new/AppleIphone11-BEYOURSELF.jpg,0,0,Desi covers back cover for Apple Iphone 11 - BE YOURSELF ,"light weight , hard fiber case , good print quality",199,0,0,0,0,IPHONE
AppleIphone11-BEAR,MOBILE,APPLE IPHONE 5S/SE,http://desicovers.co.in/website mockups new/AppleIphone11-BEAR.jpg,0,0,Desi covers back cover for Apple Iphone 11 - BEAR ,"light weight , hard fiber case , good print quality",199,0,0,0,0,IPHONE
AppleIphone11-BEARDOBATMAN,MOBILE,APPLE IPHONE 5S/SE,http://desicovers.co.in/website mockups new/AppleIphone11-BEARDOBATMAN.jpg,0,0,Desi covers back cover for Apple Iphone 11 - BEARDO BATMAN ,"light weight , hard fiber case , good print quality",199,0,0,0,0,IPHONE
AppleIphone11-BEINGHUMAN,MOBILE,APPLE IPHONE 5S/SE,http://desicovers.co.in/website mockups new/AppleIphone11-BEINGHUMAN.jpg,0,0,Desi covers back cover for Apple Iphone 11 - BEING HUMAN ,"light weight , hard fiber case , good print quality",199,0,0,0,0,IPHONE
AppleIphone11-BELIEVEINTHINGSUNSEEN,MOBILE,APPLE IPHONE 5S/SE,http://desicovers.co.in/website mockups new/AppleIphone11-BELIEVEINTHINGSUNSEEN.jpg,0,0,Desi covers back cover for Apple Iphone 11 - BELIEVE IN THINGS UNSEEN ,"light weight , hard fiber case , good print quality",199,0,0,0,0,IPHONE
AppleIphone11-BELIEVEINYOURSELF,MOBILE,APPLE IPHONE 5S/SE,http://desicovers.co.in/website mockups new/AppleIphone11-BELIEVEINYOURSELF.jpg,0,0,Desi covers back cover for Apple Iphone 11 - BELIEVE IN YOURSELF ,"light weight , hard fiber case , good print quality",199,0,0,0,0,IPHONE
AppleIphone11-BESTFRIENDSEEMLESS,MOBILE,APPLE IPHONE 5S/SE,http://desicovers.co.in/website mockups new/AppleIphone11-BESTFRIENDSEEMLESS.jpg,0,0,Desi covers back cover for Apple Iphone 11 - BEST FRIEND SEEMLESS ,"light weight , hard fiber case , good print quality",199,0,0,0,0,IPHONE
AppleIphone11-BESTTEACHER,MOBILE,APPLE IPHONE 5S/SE,http://desicovers.co.in/website mockups new/AppleIphone11-BESTTEACHER.jpg,0,0,Desi covers back cover for Apple Iphone 11 - BEST TEACHER ,"light weight , hard fiber case , good print quality",199,0,0,0,0,IPHONE
AppleIphone11-BHAIHAITUMERA,MOBILE,APPLE IPHONE 5S/SE,http://desicovers.co.in/website mockups new/AppleIphone11-BHAIHAITUMERA.jpg,0,0,Desi covers back cover for Apple Iphone 11 - BHAI HAI TU MERA ,"light weight , hard fiber case , good print quality",199,0,0,0,0,IPHONE
AppleIphone11-BIKERS,MOBILE,APPLE IPHONE 5S/SE,http://desicovers.co.in/website mockups new/AppleIphone11-BIKERS.jpg,0,0,Desi covers back cover for Apple Iphone 11 - BIKERS ,"light weight , hard fiber case , good print quality",199,0,0,0,0,IPHONE
AppleIphone11-BLACKWHITEAMERICA,MOBILE,APPLE IPHONE 5S/SE,http://desicovers.co.in/website mockups new/AppleIphone11-BLACKWHITEAMERICA.jpg,0,0,Desi covers back cover for Apple Iphone 11 - BLACK & WHITE AMERICA ,"light weight , hard fiber case , good print quality",199,0,0,0,0,IPHONE
AppleIphone11-BLACKWHITECHECKS,MOBILE,APPLE IPHONE 5S/SE,http://desicovers.co.in/website mockups new/AppleIphone11-BLACKWHITECHECKS.jpg,0,0,Desi covers back cover for Apple Iphone 11 - BLACK & WHITE CHECKS ,"light weight , hard fiber case , good print quality",199,0,0,0,0,IPHONE
AppleIphone11-BLACKWHITESTRIPSWITHHEART,MOBILE,APPLE IPHONE 5S/SE,http://desicovers.co.in/website mockups new/AppleIphone11-BLACKWHITESTRIPSWITHHEART.jpg,0,0,Desi covers back cover for Apple Iphone 11 - BLACK & WHITE STRIPS WITH HEART ,"light weight , hard fiber case , good print quality",199,0,0,0,0,IPHONE
AppleIphone11-BLACKADIDASLOGO,MOBILE,APPLE IPHONE 5S/SE,http://desicovers.co.in/website mockups new/AppleIphone11-BLACKADIDASLOGO.jpg,0,0,Desi covers back cover for Apple Iphone 11 - BLACK ADIDAS LOGO ,"light weight , hard fiber case , good print quality",199,0,0,0,0,IPHONE
AppleIphone11-BLACKANWHITEFLOWERS,MOBILE,APPLE IPHONE 5S/SE,http://desicovers.co.in/website mockups new/AppleIphone11-BLACKANWHITEFLOWERS.jpg,0,0,Desi covers back cover for Apple Iphone 11 - BLACK AN WHITE FLOWERS ,"light weight , hard fiber case , good print quality",199,0,0,0,0,IPHONE
AppleIphone11-BLACKANWHITEPANDA,MOBILE,APPLE IPHONE 5S/SE,http://desicovers.co.in/website mockups new/AppleIphone11-BLACKANWHITEPANDA.jpg,0,0,Desi covers back cover for Apple Iphone 11 - BLACK AN WHITE PANDA ,"light weight , hard fiber case , good print quality",199,0,0,0,0,IPHONE
AppleIphone11-BLACKCAT,MOBILE,APPLE IPHONE 5S/SE,http://desicovers.co.in/website mockups new/AppleIphone11-BLACKCAT.jpg,0,0,Desi covers back cover for Apple Iphone 11 - BLACK CAT ,"light weight , hard fiber case , good print quality",199,0,0,0,0,IPHONE
AppleIphone11-BLACKCHECKS,MOBILE,APPLE IPHONE 5S/SE,http://desicovers.co.in/website mockups new/AppleIphone11-BLACKCHECKS.jpg,0,0,Desi covers back cover for Apple Iphone 11 - BLACK CHECKS ,"light weight , hard fiber case , good print quality",199,0,0,0,0,IPHONE
AppleIphone11-BLACKHEART,MOBILE,APPLE IPHONE 5S/SE,http://desicovers.co.in/website mockups new/AppleIphone11-BLACKHEART.jpg,0,0,Desi covers back cover for Apple Iphone 11 - BLACK HEART ,"light weight , hard fiber case , good print quality",199,0,0,0,0,IPHONE
AppleIphone11-BLACKMARBLE,MOBILE,APPLE IPHONE 5S/SE,http://desicovers.co.in/website mockups new/AppleIphone11-BLACKMARBLE.jpg,0,0,Desi covers back cover for Apple Iphone 11 - BLACK MARBLE ,"light weight , hard fiber case , good print quality",199,0,0,0,0,IPHONE
AppleIphone11-BLACKPANTHER,MOBILE,APPLE IPHONE 5S/SE,http://desicovers.co.in/website mockups new/AppleIphone11-BLACKPANTHER.jpg,0,0,Desi covers back cover for Apple Iphone 11 - BLACK PANTHER ,"light weight , hard fiber case , good print quality",199,0,0,0,0,IPHONE
AppleIphone11-BLACKSTRIPSWITHHEART,MOBILE,APPLE IPHONE 5S/SE,http://desicovers.co.in/website mockups new/AppleIphone11-BLACKSTRIPSWITHHEART.jpg,0,0,Desi covers back cover for Apple Iphone 11 - BLACK STRIPS WITH HEART ,"light weight , hard fiber case , good print quality",199,0,0,0,0,IPHONE
AppleIphone11-BLOCKWOODTEXTURE,MOBILE,APPLE IPHONE 5S/SE,http://desicovers.co.in/website mockups new/AppleIphone11-BLOCKWOODTEXTURE.jpg,0,0,Desi covers back cover for Apple Iphone 11 - BLOCK WOOD TEXTURE ,"light weight , hard fiber case , good print quality",199,0,0,0,0,IPHONE
AppleIphone11-BLUEBLACKABSTRACT,MOBILE,APPLE IPHONE 5S/SE,http://desicovers.co.in/website mockups new/AppleIphone11-BLUEBLACKABSTRACT.jpg,0,0,Desi covers back cover for Apple Iphone 11 - BLUE & BLACK ABSTRACT ,"light weight , hard fiber case , good print quality",199,0,0,0,0,IPHONE
AppleIphone11-BLUEWHITESTRIPES,MOBILE,APPLE IPHONE 5S/SE,http://desicovers.co.in/website mockups new/AppleIphone11-BLUEWHITESTRIPES.jpg,0,0,Desi covers back cover for Apple Iphone 11 - BLUE & WHITE STRIPES ,"light weight , hard fiber case , good print quality",199,0,0,0,0,IPHONE
AppleIphone11-BLUEDOTS,MOBILE,APPLE IPHONE 5S/SE,http://desicovers.co.in/website mockups new/AppleIphone11-BLUEDOTS.jpg,0,0,Desi covers back cover for Apple Iphone 11 - BLUE DOTS ,"light weight , hard fiber case , good print quality",199,0,0,0,0,IPHONE
AppleIphone11-BLUEFLOWERS,MOBILE,APPLE IPHONE 5S/SE,http://desicovers.co.in/website mockups new/AppleIphone11-BLUEFLOWERS.jpg,0,0,Desi covers back cover for Apple Iphone 11 - BLUE FLOWERS ,"light weight , hard fiber case , good print quality",199,0,0,0,0,IPHONE
AppleIphone11-BLUEMANDALA,MOBILE,APPLE IPHONE 5S/SE,http://desicovers.co.in/website mockups new/AppleIphone11-BLUEMANDALA.jpg,0,0,Desi covers back cover for Apple Iphone 11 - BLUE MANDALA ,"light weight , hard fiber case , good print quality",199,0,0,0,0,IPHONE
AppleIphone11-BLUEMARBLE,MOBILE,APPLE IPHONE 5S/SE,http://desicovers.co.in/website mockups new/AppleIphone11-BLUEMARBLE.jpg,0,0,Desi covers back cover for Apple Iphone 11 - BLUE MARBLE ,"light weight , hard fiber case , good print quality",199,0,0,0,0,IPHONE
AppleIphone11-BLUEPANDA,MOBILE,APPLE IPHONE 5S/SE,http://desicovers.co.in/website mockups new/AppleIphone11-BLUEPANDA.jpg,0,0,Desi covers back cover for Apple Iphone 11 - BLUE PANDA ,"light weight , hard fiber case , good print quality",199,0,0,0,0,IPHONE
AppleIphone11-BLUEWHITEPOLKADOTS,MOBILE,APPLE IPHONE 5S/SE,http://desicovers.co.in/website mockups new/AppleIphone11-BLUEWHITEPOLKADOTS.jpg,0,0,Desi covers back cover for Apple Iphone 11 - BLUE WHITE POLKA DOTS ,"light weight , hard fiber case , good print quality",199,0,0,0,0,IPHONE
AppleIphone11-BOXABSTRACT,MOBILE,APPLE IPHONE 5S/SE,http://desicovers.co.in/website mockups new/AppleIphone11-BOXABSTRACT.jpg,0,0,Desi covers back cover for Apple Iphone 11 - BOX ABSTRACT ,"light weight , hard fiber case , good print quality",199,0,0,0,0,IPHONE
AppleIphone11-BOY,MOBILE,APPLE IPHONE 5S/SE,http://desicovers.co.in/website mockups new/AppleIphone11-BOY.jpg,0,0,Desi covers back cover for Apple Iphone 11 - BOY ,"light weight , hard fiber case , good print quality",199,0,0,0,0,IPHONE
AppleIphone11-BRICKSABSTRACT,MOBILE,APPLE IPHONE 5S/SE,http://desicovers.co.in/website mockups new/AppleIphone11-BRICKSABSTRACT.jpg,0,0,Desi covers back cover for Apple Iphone 11 - BRICKS ABSTRACT ,"light weight , hard fiber case , good print quality",199,0,0,0,0,IPHONE
AppleIphone11-BROWNADIDAS,MOBILE,APPLE IPHONE 5S/SE,http://desicovers.co.in/website mockups new/AppleIphone11-BROWNADIDAS.jpg,0,0,Desi covers back cover for Apple Iphone 11 - BROWN ADIDAS ,"light weight , hard fiber case , good print quality",199,0,0,0,0,IPHONE
AppleIphone11-BROWNANBLACKSTRIPS,MOBILE,APPLE IPHONE 5S/SE,http://desicovers.co.in/website mockups new/AppleIphone11-BROWNANBLACKSTRIPS.jpg,0,0,Desi covers back cover for Apple Iphone 11 - BROWN AN BLACK STRIPS ,"light weight , hard fiber case , good print quality",199,0,0,0,0,IPHONE
AppleIphone11-BUDHA,MOBILE,APPLE IPHONE 5S/SE,http://desicovers.co.in/website mockups new/AppleIphone11-BUDHA.jpg,0,0,Desi covers back cover for Apple Iphone 11 - BUDHA ,"light weight , hard fiber case , good print quality",199,0,0,0,0,IPHONE
AppleIphone11-BURNINGJOKER,MOBILE,APPLE IPHONE 5S/SE,http://desicovers.co.in/website mockups new/AppleIphone11-BURNINGJOKER.jpg,0,0,Desi covers back cover for Apple Iphone 11 - BURNING JOKER ,"light weight , hard fiber case , good print quality",199,0,0,0,0,IPHONE
AppleIphone11-BURNINGPUBG,MOBILE,APPLE IPHONE 5S/SE,http://desicovers.co.in/website mockups new/AppleIphone11-BURNINGPUBG.jpg,0,0,Desi covers back cover for Apple Iphone 11 - BURNING PUBG ,"light weight , hard fiber case , good print quality",199,0,0,0,0,IPHONE
AppleIphone11-BUSINESSPANDA2,MOBILE,APPLE IPHONE 5S/SE,http://desicovers.co.in/website mockups new/AppleIphone11-BUSINESSPANDA2.jpg,0,0,Desi covers back cover for Apple Iphone 11 - BUSINESS PANDA 2 ,"light weight , hard fiber case , good print quality",199,0,0,0,0,IPHONE
AppleIphone11-BUSINESSPANDA,MOBILE,APPLE IPHONE 5S/SE,http://desicovers.co.in/website mockups new/AppleIphone11-BUSINESSPANDA.jpg,0,0,Desi covers back cover for Apple Iphone 11 - BUSINESS PANDA ,"light weight , hard fiber case , good print quality",199,0,0,0,0,IPHONE
AppleIphone11-BUSINESSWOLF,MOBILE,APPLE IPHONE 5S/SE,http://desicovers.co.in/website mockups new/AppleIphone11-BUSINESSWOLF.jpg,0,0,Desi covers back cover for Apple Iphone 11 - BUSINESS WOLF ,"light weight , hard fiber case , good print quality",199,0,0,0,0,IPHONE
AppleIphone11-BUTTERFLYPINK,MOBILE,APPLE IPHONE 5S/SE,http://desicovers.co.in/website mockups new/AppleIphone11-BUTTERFLYPINK.jpg,0,0,Desi covers back cover for Apple Iphone 11 - BUTTERFLY PINK ,"light weight , hard fiber case , good print quality",199,0,0,0,0,IPHONE
AppleIphone11-BUTTERFLYSEEMLESS,MOBILE,APPLE IPHONE 5S/SE,http://desicovers.co.in/website mockups new/AppleIphone11-BUTTERFLYSEEMLESS.jpg,0,0,Desi covers back cover for Apple Iphone 11 - BUTTERFLY SEEMLESS ,"light weight , hard fiber case , good print quality",199,0,0,0,0,IPHONE
AppleIphone11-CAPTIANAMERICAIRONMAN,MOBILE,APPLE IPHONE 5S/SE,http://desicovers.co.in/website mockups new/AppleIphone11-CAPTIANAMERICAIRONMAN.jpg,0,0,Desi covers back cover for Apple Iphone 11 - CAPTIAN AMERICA & IRON MAN ,"light weight , hard fiber case , good print quality",199,0,0,0,0,IPHONE
AppleIphone11-CAPTIANAMERICALOGO,MOBILE,APPLE IPHONE 5S/SE,http://desicovers.co.in/website mockups new/AppleIphone11-CAPTIANAMERICALOGO.jpg,0,0,Desi covers back cover for Apple Iphone 11 - CAPTIAN AMERICA LOGO ,"light weight , hard fiber case , good print quality",199,0,0,0,0,IPHONE
AppleIphone11-CAPTIANAMERICASHIELD,MOBILE,APPLE IPHONE 5S/SE,http://desicovers.co.in/website mockups new/AppleIphone11-CAPTIANAMERICASHIELD.jpg,0,0,Desi covers back cover for Apple Iphone 11 - CAPTIAN AMERICA SHIELD ,"light weight , hard fiber case , good print quality",199,0,0,0,0,IPHONE
AppleIphone11-CAPTIANAMERICAWITHSHIELD,MOBILE,APPLE IPHONE 5S/SE,http://desicovers.co.in/website mockups new/AppleIphone11-CAPTIANAMERICAWITHSHIELD.jpg,0,0,Desi covers back cover for Apple Iphone 11 - CAPTIAN AMERICA WITH SHIELD ,"light weight , hard fiber case , good print quality",199,0,0,0,0,IPHONE
AppleIphone11-CAPTIANAMERICA,MOBILE,APPLE IPHONE 5S/SE,http://desicovers.co.in/website mockups new/AppleIphone11-CAPTIANAMERICA.jpg,0,0,Desi covers back cover for Apple Iphone 11 - CAPTIAN AMERICA ,"light weight , hard fiber case , good print quality",199,0,0,0,0,IPHONE
AppleIphone11-CAPTIANMARVEL,MOBILE,APPLE IPHONE 5S/SE,http://desicovers.co.in/website mockups new/AppleIphone11-CAPTIANMARVEL.jpg,0,0,Desi covers back cover for Apple Iphone 11 - CAPTIAN MARVEL ,"light weight , hard fiber case , good print quality",199,0,0,0,0,IPHONE
AppleIphone11-CAPTIANSHIELD,MOBILE,APPLE IPHONE 5S/SE,http://desicovers.co.in/website mockups new/AppleIphone11-CAPTIANSHIELD.jpg,0,0,Desi covers back cover for Apple Iphone 11 - CAPTIAN SHIELD ,"light weight , hard fiber case , good print quality",199,0,0,0,0,IPHONE
AppleIphone11-CATS,MOBILE,APPLE IPHONE 5S/SE,http://desicovers.co.in/website mockups new/AppleIphone11-CATS.jpg,0,0,Desi covers back cover for Apple Iphone 11 - CATS ,"light weight , hard fiber case , good print quality",199,0,0,0,0,IPHONE
AppleIphone11-CHECKSPATTERN,MOBILE,APPLE IPHONE 5S/SE,http://desicovers.co.in/website mockups new/AppleIphone11-CHECKSPATTERN.jpg,0,0,Desi covers back cover for Apple Iphone 11 - CHECKS PATTERN ,"light weight , hard fiber case , good print quality",199,0,0,0,0,IPHONE
AppleIphone11-CHEF,MOBILE,APPLE IPHONE 5S/SE,http://desicovers.co.in/website mockups new/AppleIphone11-CHEF.jpg,0,0,Desi covers back cover for Apple Iphone 11 - CHEF ,"light weight , hard fiber case , good print quality",199,0,0,0,0,IPHONE
AppleIphone11-CHITTAHPRINT,MOBILE,APPLE IPHONE 5S/SE,http://desicovers.co.in/website mockups new/AppleIphone11-CHITTAHPRINT.jpg,0,0,Desi covers back cover for Apple Iphone 11 - CHITTAH PRINT ,"light weight , hard fiber case , good print quality",199,0,0,0,0,IPHONE
AppleIphone11-CIRCLEMANDALA,MOBILE,APPLE IPHONE 5S/SE,http://desicovers.co.in/website mockups new/AppleIphone11-CIRCLEMANDALA.jpg,0,0,Desi covers back cover for Apple Iphone 11 - CIRCLE MANDALA ,"light weight , hard fiber case , good print quality",199,0,0,0,0,IPHONE
AppleIphone11-CLASSYBLUEMANDALA,MOBILE,APPLE IPHONE 5S/SE,http://desicovers.co.in/website mockups new/AppleIphone11-CLASSYBLUEMANDALA.jpg,0,0,Desi covers back cover for Apple Iphone 11 - CLASSY BLUE MANDALA ,"light weight , hard fiber case , good print quality",199,0,0,0,0,IPHONE
AppleIphone11-COLORFULPOLYGONE,MOBILE,APPLE IPHONE 5S/SE,http://desicovers.co.in/website mockups new/AppleIphone11-COLORFULPOLYGONE.jpg,0,0,Desi covers back cover for Apple Iphone 11 - COLORFUL POLYGONE ,"light weight , hard fiber case , good print quality",199,0,0,0,0,IPHONE
AppleIphone11-COOLGIRL,MOBILE,APPLE IPHONE 5S/SE,http://desicovers.co.in/website mockups new/AppleIphone11-COOLGIRL.jpg,0,0,Desi covers back cover for Apple Iphone 11 - COOL GIRL ,"light weight , hard fiber case , good print quality",199,0,0,0,0,IPHONE
AppleIphone11-COOLSHINCHAN,MOBILE,APPLE IPHONE 5S/SE,http://desicovers.co.in/website mockups new/AppleIphone11-COOLSHINCHAN.jpg,0,0,Desi covers back cover for Apple Iphone 11 - COOL SHINCHAN ,"light weight , hard fiber case , good print quality",199,0,0,0,0,IPHONE
AppleIphone11-COUPLEBOY,MOBILE,APPLE IPHONE 5S/SE,http://desicovers.co.in/website mockups new/AppleIphone11-COUPLEBOY.jpg,0,0,Desi covers back cover for Apple Iphone 11 - COUPLE BOY ,"light weight , hard fiber case , good print quality",199,0,0,0,0,IPHONE
AppleIphone11-COUPLECASELOVEHEART2,MOBILE,APPLE IPHONE 5S/SE,http://desicovers.co.in/website mockups new/AppleIphone11-COUPLECASELOVEHEART2.jpg,0,0,Desi covers back cover for Apple Iphone 11 - COUPLE CASE LOVE HEART 2 ,"light weight , hard fiber case , good print quality",199,0,0,0,0,IPHONE
AppleIphone11-COUPLECASELOVEHEART,MOBILE,APPLE IPHONE 5S/SE,http://desicovers.co.in/website mockups new/AppleIphone11-COUPLECASELOVEHEART.jpg,0,0,Desi covers back cover for Apple Iphone 11 - COUPLE CASE LOVE HEART ,"light weight , hard fiber case , good print quality",199,0,0,0,0,IPHONE
AppleIphone11-COUPLECASEMATE,MOBILE,APPLE IPHONE 5S/SE,http://desicovers.co.in/website mockups new/AppleIphone11-COUPLECASEMATE.jpg,0,0,Desi covers back cover for Apple Iphone 11 - COUPLE CASE MATE ,"light weight , hard fiber case , good print quality",199,0,0,0,0,IPHONE
AppleIphone11-COUPLECASESOULE,MOBILE,APPLE IPHONE 5S/SE,http://desicovers.co.in/website mockups new/AppleIphone11-COUPLECASESOULE.jpg,0,0,Desi covers back cover for Apple Iphone 11 - COUPLE CASE SOULE ,"light weight , hard fiber case , good print quality",199,0,0,0,0,IPHONE
AppleIphone11-COUPLEGIRL,MOBILE,APPLE IPHONE 5S/SE,http://desicovers.co.in/website mockups new/AppleIphone11-COUPLEGIRL.jpg,0,0,Desi covers back cover for Apple Iphone 11 - COUPLE GIRL ,"light weight , hard fiber case , good print quality",199,0,0,0,0,IPHONE
AppleIphone11-COUPLEMINNIE,MOBILE,APPLE IPHONE 5S/SE,http://desicovers.co.in/website mockups new/AppleIphone11-COUPLEMINNIE.jpg,0,0,Desi covers back cover for Apple Iphone 11 - COUPLE MINNIE ,"light weight , hard fiber case , good print quality",199,0,0,0,0,IPHONE
AppleIphone11-COUPLEPANDA,MOBILE,APPLE IPHONE 5S/SE,http://desicovers.co.in/website mockups new/AppleIphone11-COUPLEPANDA.jpg,0,0,Desi covers back cover for Apple Iphone 11 - COUPLE PANDA ,"light weight , hard fiber case , good print quality",199,0,0,0,0,IPHONE
AppleIphone11-COUPLE,MOBILE,APPLE IPHONE 5S/SE,http://desicovers.co.in/website mockups new/AppleIphone11-COUPLE.jpg,0,0,Desi covers back cover for Apple Iphone 11 - COUPLE ,"light weight , hard fiber case , good print quality",199,0,0,0,0,IPHONE
AppleIphone11-CRAZYMINIONS,MOBILE,APPLE IPHONE 5S/SE,http://desicovers.co.in/website mockups new/AppleIphone11-CRAZYMINIONS.jpg,0,0,Desi covers back cover for Apple Iphone 11 - CRAZY MINIONS ,"light weight , hard fiber case , good print quality",199,0,0,0,0,IPHONE
AppleIphone11-CUTEBUTPHYSO,MOBILE,APPLE IPHONE 5S/SE,http://desicovers.co.in/website mockups new/AppleIphone11-CUTEBUTPHYSO.jpg,0,0,Desi covers back cover for Apple Iphone 11 - CUTE BUT PHYSO ,"light weight , hard fiber case , good print quality",199,0,0,0,0,IPHONE
AppleIphone11-CUTEMINION,MOBILE,APPLE IPHONE 5S/SE,http://desicovers.co.in/website mockups new/AppleIphone11-CUTEMINION.jpg,0,0,Desi covers back cover for Apple Iphone 11 - CUTE MINION ,"light weight , hard fiber case , good print quality",199,0,0,0,0,IPHONE
AppleIphone11-CUTEPANDAGIRL,MOBILE,APPLE IPHONE 5S/SE,http://desicovers.co.in/website mockups new/AppleIphone11-CUTEPANDAGIRL.jpg,0,0,Desi covers back cover for Apple Iphone 11 - CUTE PANDA GIRL ,"light weight , hard fiber case , good print quality",199,0,0,0,0,IPHONE
AppleIphone11-CUTEPANDA,MOBILE,APPLE IPHONE 5S/SE,http://desicovers.co.in/website mockups new/AppleIphone11-CUTEPANDA.jpg,0,0,Desi covers back cover for Apple Iphone 11 - CUTE PANDA ,"light weight , hard fiber case , good print quality",199,0,0,0,0,IPHONE
AppleIphone11-CUTEPIKACHU,MOBILE,APPLE IPHONE 5S/SE,http://desicovers.co.in/website mockups new/AppleIphone11-CUTEPIKACHU.jpg,0,0,Desi covers back cover for Apple Iphone 11 - CUTE PIKACHU ,"light weight , hard fiber case , good print quality",199,0,0,0,0,IPHONE
AppleIphone11-CUTESHINCHAN,MOBILE,APPLE IPHONE 5S/SE,http://desicovers.co.in/website mockups new/AppleIphone11-CUTESHINCHAN.jpg,0,0,Desi covers back cover for Apple Iphone 11 - CUTE SHINCHAN ,"light weight , hard fiber case , good print quality",199,0,0,0,0,IPHONE
AppleIphone11-CUTESHIZUKA,MOBILE,APPLE IPHONE 5S/SE,http://desicovers.co.in/website mockups new/AppleIphone11-CUTESHIZUKA.jpg,0,0,Desi covers back cover for Apple Iphone 11 - CUTE SHIZUKA ,"light weight , hard fiber case , good print quality",199,0,0,0,0,IPHONE
AppleIphone11-CUTE,MOBILE,APPLE IPHONE 5S/SE,http://desicovers.co.in/website mockups new/AppleIphone11-CUTE.jpg,0,0,Desi covers back cover for Apple Iphone 11 - CUTE ,"light weight , hard fiber case , good print quality",199,0,0,0,0,IPHONE
AppleIphone11-DAISYDUCK,MOBILE,APPLE IPHONE 5S/SE,http://desicovers.co.in/website mockups new/AppleIphone11-DAISYDUCK.jpg,0,0,Desi covers back cover for Apple Iphone 11 - DAISY DUCK ,"light weight , hard fiber case , good print quality",199,0,0,0,0,IPHONE
AppleIphone11-DARKBLUEMARBLE,MOBILE,APPLE IPHONE 5S/SE,http://desicovers.co.in/website mockups new/AppleIphone11-DARKBLUEMARBLE.jpg,0,0,Desi covers back cover for Apple Iphone 11 - DARK BLUE MARBLE ,"light weight , hard fiber case , good print quality",199,0,0,0,0,IPHONE
AppleIphone11-DARKCAMEOFLAUGE,MOBILE,APPLE IPHONE 5S/SE,http://desicovers.co.in/website mockups new/AppleIphone11-DARKCAMEOFLAUGE.jpg,0,0,Desi covers back cover for Apple Iphone 11 - DARK CAMEOFLAUGE ,"light weight , hard fiber case , good print quality",199,0,0,0,0,IPHONE
AppleIphone11-DARRKATAMAS,MOBILE,APPLE IPHONE 5S/SE,http://desicovers.co.in/website mockups new/AppleIphone11-DARRKATAMAS.jpg,0,0,Desi covers back cover for Apple Iphone 11 - DARR KA TAMAS ,"light weight , hard fiber case , good print quality",199,0,0,0,0,IPHONE
AppleIphone11-DEER,MOBILE,APPLE IPHONE 5S/SE,http://desicovers.co.in/website mockups new/AppleIphone11-DEER.jpg,0,0,Desi covers back cover for Apple Iphone 11 - DEER ,"light weight , hard fiber case , good print quality",199,0,0,0,0,IPHONE
AppleIphone11-DOMORETOWHATMAKESYOUHAPPY,MOBILE,APPLE IPHONE 5S/SE,http://desicovers.co.in/website mockups new/AppleIphone11-DOMORETOWHATMAKESYOUHAPPY.jpg,0,0,Desi covers back cover for Apple Iphone 11 - DO MORE TO WHAT MAKES YOU HAPPY ,"light weight , hard fiber case , good print quality",199,0,0,0,0,IPHONE
AppleIphone11-DOCTOROUTLIE,MOBILE,APPLE IPHONE 5S/SE,http://desicovers.co.in/website mockups new/AppleIphone11-DOCTOROUTLIE.jpg,0,0,Desi covers back cover for Apple Iphone 11 - DOCTOR OUTLIE ,"light weight , hard fiber case , good print quality",199,0,0,0,0,IPHONE
AppleIphone11-DOCTORSHINCHAN,MOBILE,APPLE IPHONE 5S/SE,http://desicovers.co.in/website mockups new/AppleIphone11-DOCTORSHINCHAN.jpg,0,0,Desi covers back cover for Apple Iphone 11 - DOCTOR SHINCHAN ,"light weight , hard fiber case , good print quality",199,0,0,0,0,IPHONE
AppleIphone11-DOCTOR,MOBILE,APPLE IPHONE 5S/SE,http://desicovers.co.in/website mockups new/AppleIphone11-DOCTOR.jpg,0,0,Desi covers back cover for Apple Iphone 11 - DOCTOR ,"light weight , hard fiber case , good print quality",199,0,0,0,0,IPHONE
AppleIphone11-DONALDDUCK,MOBILE,APPLE IPHONE 5S/SE,http://desicovers.co.in/website mockups new/AppleIphone11-DONALDDUCK.jpg,0,0,Desi covers back cover for Apple Iphone 11 - DONALD DUCK ,"light weight , hard fiber case , good print quality",199,0,0,0,0,IPHONE
AppleIphone11-DONTDIEBEFOREYOUDEAD,MOBILE,APPLE IPHONE 5S/SE,http://desicovers.co.in/website mockups new/AppleIphone11-DONTDIEBEFOREYOUDEAD.jpg,0,0,Desi covers back cover for Apple Iphone 11 - DONT DIE BEFORE YOU DEAD ,"light weight , hard fiber case , good print quality",199,0,0,0,0,IPHONE
AppleIphone11-DREAMCATCHER2,MOBILE,APPLE IPHONE 5S/SE,http://desicovers.co.in/website mockups new/AppleIphone11-DREAMCATCHER2.jpg,0,0,Desi covers back cover for Apple Iphone 11 - DREAM CATCHER 2 ,"light weight , hard fiber case , good print quality",199,0,0,0,0,IPHONE
AppleIphone11-DREAMCATCHER3,MOBILE,APPLE IPHONE 5S/SE,http://desicovers.co.in/website mockups new/AppleIphone11-DREAMCATCHER3.jpg,0,0,Desi covers back cover for Apple Iphone 11 - DREAM CATCHER 3 ,"light weight , hard fiber case , good print quality",199,0,0,0,0,IPHONE
AppleIphone11-DREAMCATCHER,MOBILE,APPLE IPHONE 5S/SE,http://desicovers.co.in/website mockups new/AppleIphone11-DREAMCATCHER.jpg,0,0,Desi covers back cover for Apple Iphone 11 - DREAM CATCHER ,"light weight , hard fiber case , good print quality",199,0,0,0,0,IPHONE
AppleIphone11-DREAMER,MOBILE,APPLE IPHONE 5S/SE,http://desicovers.co.in/website mockups new/AppleIphone11-DREAMER.jpg,0,0,Desi covers back cover for Apple Iphone 11 - DREAMER ,"light weight , hard fiber case , good print quality",199,0,0,0,0,IPHONE
AppleIphone11-ENGINEERINGCARTOON,MOBILE,APPLE IPHONE 5S/SE,http://desicovers.co.in/website mockups new/AppleIphone11-ENGINEERINGCARTOON.jpg,0,0,Desi covers back cover for Apple Iphone 11 - ENGINEERING CARTOON ,"light weight , hard fiber case , good print quality",199,0,0,0,0,IPHONE
AppleIphone11-ENGINEERINGCASE,MOBILE,APPLE IPHONE 5S/SE,http://desicovers.co.in/website mockups new/AppleIphone11-ENGINEERINGCASE.jpg,0,0,Desi covers back cover for Apple Iphone 11 - ENGINEERING CASE ,"light weight , hard fiber case , good print quality",199,0,0,0,0,IPHONE
AppleIphone11-ENJOYTODAY,MOBILE,APPLE IPHONE 5S/SE,http://desicovers.co.in/website mockups new/AppleIphone11-ENJOYTODAY.jpg,0,0,Desi covers back cover for Apple Iphone 11 - ENJOY TODAY ,"light weight , hard fiber case , good print quality",199,0,0,0,0,IPHONE
AppleIphone11-FCBJERSEY,MOBILE,APPLE IPHONE 5S/SE,http://desicovers.co.in/website mockups new/AppleIphone11-FCBJERSEY.jpg,0,0,Desi covers back cover for Apple Iphone 11 - FCB JERSEY ,"light weight , hard fiber case , good print quality",199,0,0,0,0,IPHONE
AppleIphone11-FCBLOGO,MOBILE,APPLE IPHONE 5S/SE,http://desicovers.co.in/website mockups new/AppleIphone11-FCBLOGO.jpg,0,0,Desi covers back cover for Apple Iphone 11 - FCB LOGO ,"light weight , hard fiber case , good print quality",199,0,0,0,0,IPHONE
AppleIphone11-FEATHERS,MOBILE,APPLE IPHONE 5S/SE,http://desicovers.co.in/website mockups new/AppleIphone11-FEATHERS.jpg,0,0,Desi covers back cover for Apple Iphone 11 - FEATHERS ,"light weight , hard fiber case , good print quality",199,0,0,0,0,IPHONE
AppleIphone11-FLORAMARBLE,MOBILE,APPLE IPHONE 5S/SE,http://desicovers.co.in/website mockups new/AppleIphone11-FLORAMARBLE.jpg,0,0,Desi covers back cover for Apple Iphone 11 - FLORA MARBLE ,"light weight , hard fiber case , good print quality",199,0,0,0,0,IPHONE
AppleIphone11-FLORASEEMLESS,MOBILE,APPLE IPHONE 5S/SE,http://desicovers.co.in/website mockups new/AppleIphone11-FLORASEEMLESS.jpg,0,0,Desi covers back cover for Apple Iphone 11 - FLORA SEEMLESS ,"light weight , hard fiber case , good print quality",199,0,0,0,0,IPHONE
AppleIphone11-FLORA,MOBILE,APPLE IPHONE 5S/SE,http://desicovers.co.in/website mockups new/AppleIphone11-FLORA.jpg,0,0,Desi covers back cover for Apple Iphone 11 - FLORA ,"light weight , hard fiber case , good print quality",199,0,0,0,0,IPHONE
AppleIphone11-FLORAL,MOBILE,APPLE IPHONE 5S/SE,http://desicovers.co.in/website mockups new/AppleIphone11-FLORAL.jpg,0,0,Desi covers back cover for Apple Iphone 11 - FLORAL ,"light weight , hard fiber case , good print quality",199,0,0,0,0,IPHONE
AppleIphone11-FLOWERSWITHGRAYBACKGROUND,MOBILE,APPLE IPHONE 5S/SE,http://desicovers.co.in/website mockups new/AppleIphone11-FLOWERSWITHGRAYBACKGROUND.jpg,0,0,Desi covers back cover for Apple Iphone 11 - FLOWERS WITH GRAY BACKGROUND ,"light weight , hard fiber case , good print quality",199,0,0,0,0,IPHONE
AppleIphone11-FLOWERSWITHORANGEBACKGROUND,MOBILE,APPLE IPHONE 5S/SE,http://desicovers.co.in/website mockups new/AppleIphone11-FLOWERSWITHORANGEBACKGROUND.jpg,0,0,Desi covers back cover for Apple Iphone 11 - FLOWERS WITH ORANGE BACKGROUND ,"light weight , hard fiber case , good print quality",199,0,0,0,0,IPHONE
AppleIphone11-FLOWERSWITHPINKBACKGROUND,MOBILE,APPLE IPHONE 5S/SE,http://desicovers.co.in/website mockups new/AppleIphone11-FLOWERSWITHPINKBACKGROUND.jpg,0,0,Desi covers back cover for Apple Iphone 11 - FLOWERS WITH PINK BACKGROUND ,"light weight , hard fiber case , good print quality",199,0,0,0,0,IPHONE
AppleIphone11-FLOWERSWITHWHITEBACKGROUND,MOBILE,APPLE IPHONE 5S/SE,http://desicovers.co.in/website mockups new/AppleIphone11-FLOWERSWITHWHITEBACKGROUND.jpg,0,0,Desi covers back cover for Apple Iphone 11 - FLOWERS WITH WHITE BACKGROUND ,"light weight , hard fiber case , good print quality",199,0,0,0,0,IPHONE
AppleIphone11-FLOWERSWITHYELLOWBACKGROUND,MOBILE,APPLE IPHONE 5S/SE,http://desicovers.co.in/website mockups new/AppleIphone11-FLOWERSWITHYELLOWBACKGROUND.jpg,0,0,Desi covers back cover for Apple Iphone 11 - FLOWERS WITH YELLOW BACKGROUND ,"light weight , hard fiber case , good print quality",199,0,0,0,0,IPHONE
AppleIphone11-FLOWERS,MOBILE,APPLE IPHONE 5S/SE,http://desicovers.co.in/website mockups new/AppleIphone11-FLOWERS.jpg,0,0,Desi covers back cover for Apple Iphone 11 - FLOWERS ,"light weight , hard fiber case , good print quality",199,0,0,0,0,IPHONE
AppleIphone11-FRIENDS,MOBILE,APPLE IPHONE 5S/SE,http://desicovers.co.in/website mockups new/AppleIphone11-FRIENDS.jpg,0,0,Desi covers back cover for Apple Iphone 11 - FRIENDS ,"light weight , hard fiber case , good print quality",199,0,0,0,0,IPHONE
AppleIphone11-FRIESBEFOREGUYS,MOBILE,APPLE IPHONE 5S/SE,http://desicovers.co.in/website mockups new/AppleIphone11-FRIESBEFOREGUYS.jpg,0,0,Desi covers back cover for Apple Iphone 11 - FRIES BEFORE GUYS ,"light weight , hard fiber case , good print quality",199,0,0,0,0,IPHONE
AppleIphone11-FUNKYSPIDERMAN,MOBILE,APPLE IPHONE 5S/SE,http://desicovers.co.in/website mockups new/AppleIphone11-FUNKYSPIDERMAN.jpg,0,0,Desi covers back cover for Apple Iphone 11 - FUNKY SPIDERMAN ,"light weight , hard fiber case , good print quality",199,0,0,0,0,IPHONE
AppleIphone11-GADJETGURUDOREMON,MOBILE,APPLE IPHONE 5S/SE,http://desicovers.co.in/website mockups new/AppleIphone11-GADJETGURUDOREMON.jpg,0,0,Desi covers back cover for Apple Iphone 11 - GADJET GURU DOREMON ,"light weight , hard fiber case , good print quality",199,0,0,0,0,IPHONE
AppleIphone11-GAMEOFTHRONESFIREBLOOD,MOBILE,APPLE IPHONE 5S/SE,http://desicovers.co.in/website mockups new/AppleIphone11-GAMEOFTHRONESFIREBLOOD.jpg,0,0,Desi covers back cover for Apple Iphone 11 - GAME OF THRONES FIRE & BLOOD ,"light weight , hard fiber case , good print quality",199,0,0,0,0,IPHONE
AppleIphone11-GAMEOFTHRONS,MOBILE,APPLE IPHONE 5S/SE,http://desicovers.co.in/website mockups new/AppleIphone11-GAMEOFTHRONS.jpg,0,0,Desi covers back cover for Apple Iphone 11 - GAME OF THRONS ,"light weight , hard fiber case , good print quality",199,0,0,0,0,IPHONE
AppleIphone11-GHANTAFARAKNAHIPADTA,MOBILE,APPLE IPHONE 5S/SE,http://desicovers.co.in/website mockups new/AppleIphone11-GHANTAFARAKNAHIPADTA.jpg,0,0,Desi covers back cover for Apple Iphone 11 - GHANTA FARAK NAHI PADTA ,"light weight , hard fiber case , good print quality",199,0,0,0,0,IPHONE
AppleIphone11-GHOSTRIDER,MOBILE,APPLE IPHONE 5S/SE,http://desicovers.co.in/website mockups new/AppleIphone11-GHOSTRIDER.jpg,0,0,Desi covers back cover for Apple Iphone 11 - GHOST RIDER ,"light weight , hard fiber case , good print quality",199,0,0,0,0,IPHONE
AppleIphone11-GIRLBOSS,MOBILE,APPLE IPHONE 5S/SE,http://desicovers.co.in/website mockups new/AppleIphone11-GIRLBOSS.jpg,0,0,Desi covers back cover for Apple Iphone 11 - GIRL BOSS ,"light weight , hard fiber case , good print quality",199,0,0,0,0,IPHONE
AppleIphone11-GIRLPANDA,MOBILE,APPLE IPHONE 5S/SE,http://desicovers.co.in/website mockups new/AppleIphone11-GIRLPANDA.jpg,0,0,Desi covers back cover for Apple Iphone 11 - GIRL PANDA ,"light weight , hard fiber case , good print quality",199,0,0,0,0,IPHONE
AppleIphone11-GOKUSUPERSEIYAN,MOBILE,APPLE IPHONE 5S/SE,http://desicovers.co.in/website mockups new/AppleIphone11-GOKUSUPERSEIYAN.jpg,0,0,Desi covers back cover for Apple Iphone 11 - GOKU SUPER SEIYAN ,"light weight , hard fiber case , good print quality",199,0,0,0,0,IPHONE
AppleIphone11-GOKU,MOBILE,APPLE IPHONE 5S/SE,http://desicovers.co.in/website mockups new/AppleIphone11-GOKU.jpg,0,0,Desi covers back cover for Apple Iphone 11 - GOKU ,"light weight , hard fiber case , good print quality",199,0,0,0,0,IPHONE
AppleIphone11-GOLDENCRACKS,MOBILE,APPLE IPHONE 5S/SE,http://desicovers.co.in/website mockups new/AppleIphone11-GOLDENCRACKS.jpg,0,0,Desi covers back cover for Apple Iphone 11 - GOLDEN CRACKS ,"light weight , hard fiber case , good print quality",199,0,0,0,0,IPHONE
AppleIphone11-GOLDENQUEEN,MOBILE,APPLE IPHONE 5S/SE,http://desicovers.co.in/website mockups new/AppleIphone11-GOLDENQUEEN.jpg,0,0,Desi covers back cover for Apple Iphone 11 - GOLDEN QUEEN ,"light weight , hard fiber case , good print quality",199,0,0,0,0,IPHONE
AppleIphone11-GOODFOODISGOODMOOD,MOBILE,APPLE IPHONE 5S/SE,http://desicovers.co.in/website mockups new/AppleIphone11-GOODFOODISGOODMOOD.jpg,0,0,Desi covers back cover for Apple Iphone 11 - GOOD FOOD IS GOOD MOOD ,"light weight , hard fiber case , good print quality",199,0,0,0,0,IPHONE
AppleIphone11-GOODTEACHER,MOBILE,APPLE IPHONE 5S/SE,http://desicovers.co.in/website mockups new/AppleIphone11-GOODTEACHER.jpg,0,0,Desi covers back cover for Apple Iphone 11 - GOOD TEACHER ,"light weight , hard fiber case , good print quality",199,0,0,0,0,IPHONE
AppleIphone11-GOTQUOTE,MOBILE,APPLE IPHONE 5S/SE,http://desicovers.co.in/website mockups new/AppleIphone11-GOTQUOTE.jpg,0,0,Desi covers back cover for Apple Iphone 11 - GOT QUOTE ,"light weight , hard fiber case , good print quality",199,0,0,0,0,IPHONE
AppleIphone11-GRADIANT,MOBILE,APPLE IPHONE 5S/SE,http://desicovers.co.in/website mockups new/AppleIphone11-GRADIANT.jpg,0,0,Desi covers back cover for Apple Iphone 11 - GRADIANT ,"light weight , hard fiber case , good print quality",199,0,0,0,0,IPHONE
AppleIphone11-GRANDMAA,MOBILE,APPLE IPHONE 5S/SE,http://desicovers.co.in/website mockups new/AppleIphone11-GRANDMAA.jpg,0,0,Desi covers back cover for Apple Iphone 11 - GRANDMAA ,"light weight , hard fiber case , good print quality",199,0,0,0,0,IPHONE
AppleIphone11-GRANPAA,MOBILE,APPLE IPHONE 5S/SE,http://desicovers.co.in/website mockups new/AppleIphone11-GRANPAA.jpg,0,0,Desi covers back cover for Apple Iphone 11 - GRANPAA ,"light weight , hard fiber case , good print quality",199,0,0,0,0,IPHONE
AppleIphone11-GRAYCHECKS,MOBILE,APPLE IPHONE 5S/SE,http://desicovers.co.in/website mockups new/AppleIphone11-GRAYCHECKS.jpg,0,0,Desi covers back cover for Apple Iphone 11 - GRAY CHECKS ,"light weight , hard fiber case , good print quality",199,0,0,0,0,IPHONE
AppleIphone11-GREENBLACKSTRIPS,MOBILE,APPLE IPHONE 5S/SE,http://desicovers.co.in/website mockups new/AppleIphone11-GREENBLACKSTRIPS.jpg,0,0,Desi covers back cover for Apple Iphone 11 - GREEN & BLACK STRIPS ,"light weight , hard fiber case , good print quality",199,0,0,0,0,IPHONE
AppleIphone11-GREENMARBLE,MOBILE,APPLE IPHONE 5S/SE,http://desicovers.co.in/website mockups new/AppleIphone11-GREENMARBLE.jpg,0,0,Desi covers back cover for Apple Iphone 11 - GREEN MARBLE ,"light weight , hard fiber case , good print quality",199,0,0,0,0,IPHONE
AppleIphone11-GREENISHPOLYGON,MOBILE,APPLE IPHONE 5S/SE,http://desicovers.co.in/website mockups new/AppleIphone11-GREENISHPOLYGON.jpg,0,0,Desi covers back cover for Apple Iphone 11 - GREENISH POLYGON ,"light weight , hard fiber case , good print quality",199,0,0,0,0,IPHONE
AppleIphone11-GREENISHSTRIPES,MOBILE,APPLE IPHONE 5S/SE,http://desicovers.co.in/website mockups new/AppleIphone11-GREENISHSTRIPES.jpg,0,0,Desi covers back cover for Apple Iphone 11 - GREENISH STRIPES ,"light weight , hard fiber case , good print quality",199,0,0,0,0,IPHONE
AppleIphone11-GREYADIDAS,MOBILE,APPLE IPHONE 5S/SE,http://desicovers.co.in/website mockups new/AppleIphone11-GREYADIDAS.jpg,0,0,Desi covers back cover for Apple Iphone 11 - GREY ADIDAS ,"light weight , hard fiber case , good print quality",199,0,0,0,0,IPHONE
AppleIphone11-GUITARONWOOD,MOBILE,APPLE IPHONE 5S/SE,http://desicovers.co.in/website mockups new/AppleIphone11-GUITARONWOOD.jpg,0,0,Desi covers back cover for Apple Iphone 11 - GUITAR ON WOOD ,"light weight , hard fiber case , good print quality",199,0,0,0,0,IPHONE
AppleIphone11-GUITAR,MOBILE,APPLE IPHONE 5S/SE,http://desicovers.co.in/website mockups new/AppleIphone11-GUITAR.jpg,0,0,Desi covers back cover for Apple Iphone 11 - GUITAR ,"light weight , hard fiber case , good print quality",199,0,0,0,0,IPHONE
AppleIphone11-GYMBOY,MOBILE,APPLE IPHONE 5S/SE,http://desicovers.co.in/website mockups new/AppleIphone11-GYMBOY.jpg,0,0,Desi covers back cover for Apple Iphone 11 - GYM BOY ,"light weight , hard fiber case , good print quality",199,0,0,0,0,IPHONE
AppleIphone11-GYMKAROPYARNAHI,MOBILE,APPLE IPHONE 5S/SE,http://desicovers.co.in/website mockups new/AppleIphone11-GYMKAROPYARNAHI.jpg,0,0,Desi covers back cover for Apple Iphone 11 - GYM KARO PYAR NAHI ,"light weight , hard fiber case , good print quality",199,0,0,0,0,IPHONE
AppleIphone11-HALFFACEJOKER,MOBILE,APPLE IPHONE 5S/SE,http://desicovers.co.in/website mockups new/AppleIphone11-HALFFACEJOKER.jpg,0,0,Desi covers back cover for Apple Iphone 11 - HALF FACE JOKER ,"light weight , hard fiber case , good print quality",199,0,0,0,0,IPHONE
AppleIphone11-HALFMANDALA,MOBILE,APPLE IPHONE 5S/SE,http://desicovers.co.in/website mockups new/AppleIphone11-HALFMANDALA.jpg,0,0,Desi covers back cover for Apple Iphone 11 - HALF MANDALA ,"light weight , hard fiber case , good print quality",199,0,0,0,0,IPHONE
AppleIphone11-HALFSADFACEJOKER,MOBILE,APPLE IPHONE 5S/SE,http://desicovers.co.in/website mockups new/AppleIphone11-HALFSADFACEJOKER.jpg,0,0,Desi covers back cover for Apple Iphone 11 - HALF SAD FACE JOKER ,"light weight , hard fiber case , good print quality",199,0,0,0,0,IPHONE
AppleIphone11-HALFWOOD,MOBILE,APPLE IPHONE 5S/SE,http://desicovers.co.in/website mockups new/AppleIphone11-HALFWOOD.jpg,0,0,Desi covers back cover for Apple Iphone 11 - HALF WOOD ,"light weight , hard fiber case , good print quality",199,0,0,0,0,IPHONE
AppleIphone11-HANDSOMENOBITA,MOBILE,APPLE IPHONE 5S/SE,http://desicovers.co.in/website mockups new/AppleIphone11-HANDSOMENOBITA.jpg,0,0,Desi covers back cover for Apple Iphone 11 - HANDSOME NOBITA ,"light weight , hard fiber case , good print quality",199,0,0,0,0,IPHONE
AppleIphone11-HANGINGCAMERA,MOBILE,APPLE IPHONE 5S/SE,http://desicovers.co.in/website mockups new/AppleIphone11-HANGINGCAMERA.jpg,0,0,Desi covers back cover for Apple Iphone 11 - HANGING CAMERA ,"light weight , hard fiber case , good print quality",199,0,0,0,0,IPHONE
AppleIphone11-HANGINGMINION,MOBILE,APPLE IPHONE 5S/SE,http://desicovers.co.in/website mockups new/AppleIphone11-HANGINGMINION.jpg,0,0,Desi covers back cover for Apple Iphone 11 - HANGING MINION ,"light weight , hard fiber case , good print quality",199,0,0,0,0,IPHONE
AppleIphone11-HARAMI,MOBILE,APPLE IPHONE 5S/SE,http://desicovers.co.in/website mockups new/AppleIphone11-HARAMI.jpg,0,0,Desi covers back cover for Apple Iphone 11 - HARAMI ,"light weight , hard fiber case , good print quality",199,0,0,0,0,IPHONE
AppleIphone11-HARRYPOTTER#THEWHOLIVED,MOBILE,APPLE IPHONE 5S/SE,http://desicovers.co.in/website mockups new/AppleIphone11-HARRYPOTTER#THEWHOLIVED.jpg,0,0,Desi covers back cover for Apple Iphone 11 - HARRY POTTER #THE WHO LIVED ,"light weight , hard fiber case , good print quality",199,0,0,0,0,IPHONE
AppleIphone11-HARRYPOTTERLOGO,MOBILE,APPLE IPHONE 5S/SE,http://desicovers.co.in/website mockups new/AppleIphone11-HARRYPOTTERLOGO.jpg,0,0,Desi covers back cover for Apple Iphone 11 - HARRY POTTER LOGO ,"light weight , hard fiber case , good print quality",199,0,0,0,0,IPHONE
AppleIphone11-HARRYPOTTERMARBLE,MOBILE,APPLE IPHONE 5S/SE,http://desicovers.co.in/website mockups new/AppleIphone11-HARRYPOTTERMARBLE.jpg,0,0,Desi covers back cover for Apple Iphone 11 - HARRY POTTER MARBLE ,"light weight , hard fiber case , good print quality",199,0,0,0,0,IPHONE
AppleIphone11-HARRYPOTTERSPECS,MOBILE,APPLE IPHONE 5S/SE,http://desicovers.co.in/website mockups new/AppleIphone11-HARRYPOTTERSPECS.jpg,0,0,Desi covers back cover for Apple Iphone 11 - HARRY POTTER SPECS ,"light weight , hard fiber case , good print quality",199,0,0,0,0,IPHONE
AppleIphone11-HARRYPOTTER,MOBILE,APPLE IPHONE 5S/SE,http://desicovers.co.in/website mockups new/AppleIphone11-HARRYPOTTER.jpg,0,0,Desi covers back cover for Apple Iphone 11 - HARRY POTTER ,"light weight , hard fiber case , good print quality",199,0,0,0,0,IPHONE
AppleIphone11-HEARTSEEMLESS,MOBILE,APPLE IPHONE 5S/SE,http://desicovers.co.in/website mockups new/AppleIphone11-HEARTSEEMLESS.jpg,0,0,Desi covers back cover for Apple Iphone 11 - HEART SEEMLESS ,"light weight , hard fiber case , good print quality",199,0,0,0,0,IPHONE
AppleIphone11-HERKING,MOBILE,APPLE IPHONE 5S/SE,http://desicovers.co.in/website mockups new/AppleIphone11-HERKING.jpg,0,0,Desi covers back cover for Apple Iphone 11 - HER KING ,"light weight , hard fiber case , good print quality",199,0,0,0,0,IPHONE
AppleIphone11-HISQUEEN,MOBILE,APPLE IPHONE 5S/SE,http://desicovers.co.in/website mockups new/AppleIphone11-HISQUEEN.jpg,0,0,Desi covers back cover for Apple Iphone 11 - HIS QUEEN ,"light weight , hard fiber case , good print quality",199,0,0,0,0,IPHONE
AppleIphone11-HULK,MOBILE,APPLE IPHONE 5S/SE,http://desicovers.co.in/website mockups new/AppleIphone11-HULK.jpg,0,0,Desi covers back cover for Apple Iphone 11 - HULK ,"light weight , hard fiber case , good print quality",199,0,0,0,0,IPHONE
AppleIphone11-IAMWIERD,MOBILE,APPLE IPHONE 5S/SE,http://desicovers.co.in/website mockups new/AppleIphone11-IAMWIERD.jpg,0,0,Desi covers back cover for Apple Iphone 11 - I AM WIERD ,"light weight , hard fiber case , good print quality",199,0,0,0,0,IPHONE
AppleIphone11-IAMBATMAN,MOBILE,APPLE IPHONE 5S/SE,http://desicovers.co.in/website mockups new/AppleIphone11-IAMBATMAN.jpg,0,0,Desi covers back cover for Apple Iphone 11 - IAM BATMAN ,"light weight , hard fiber case , good print quality",199,0,0,0,0,IPHONE
AppleIphone11-INAPEACE,MOBILE,APPLE IPHONE 5S/SE,http://desicovers.co.in/website mockups new/AppleIphone11-INAPEACE.jpg,0,0,Desi covers back cover for Apple Iphone 11 - IN A PEACE ,"light weight , hard fiber case , good print quality",199,0,0,0,0,IPHONE
AppleIphone11-IRONMAN,MOBILE,APPLE IPHONE 5S/SE,http://desicovers.co.in/website mockups new/AppleIphone11-IRONMAN.jpg,0,0,Desi covers back cover for Apple Iphone 11 - IRON MAN ,"light weight , hard fiber case , good print quality",199,0,0,0,0,IPHONE
AppleIphone11-ITSALWAYSFORCHAI,MOBILE,APPLE IPHONE 5S/SE,http://desicovers.co.in/website mockups new/AppleIphone11-ITSALWAYSFORCHAI.jpg,0,0,Desi covers back cover for Apple Iphone 11 - ITS ALWAYS FOR CHAI ,"light weight , hard fiber case , good print quality",199,0,0,0,0,IPHONE
AppleIphone11-JACKDANIELS,MOBILE,APPLE IPHONE 5S/SE,http://desicovers.co.in/website mockups new/AppleIphone11-JACKDANIELS.jpg,0,0,Desi covers back cover for Apple Iphone 11 - JACK DANIELS ,"light weight , hard fiber case , good print quality",199,0,0,0,0,IPHONE
AppleIphone11-JEEP,MOBILE,APPLE IPHONE 5S/SE,http://desicovers.co.in/website mockups new/AppleIphone11-JEEP.jpg,0,0,Desi covers back cover for Apple Iphone 11 - JEEP ,"light weight , hard fiber case , good print quality",199,0,0,0,0,IPHONE
AppleIphone11-JOKER#AGAYWITHPLANE,MOBILE,APPLE IPHONE 5S/SE,http://desicovers.co.in/website mockups new/AppleIphone11-JOKER#AGAYWITHPLANE.jpg,0,0,Desi covers back cover for Apple Iphone 11 - JOKER #A GAY WITH PLANE ,"light weight , hard fiber case , good print quality",199,0,0,0,0,IPHONE
AppleIphone11-JOKERHALFFACESMILE,MOBILE,APPLE IPHONE 5S/SE,http://desicovers.co.in/website mockups new/AppleIphone11-JOKERHALFFACESMILE.jpg,0,0,Desi covers back cover for Apple Iphone 11 - JOKER HALF FACE SMILE ,"light weight , hard fiber case , good print quality",199,0,0,0,0,IPHONE
AppleIphone11-JOKERPLAYINGWITHCARDS,MOBILE,APPLE IPHONE 5S/SE,http://desicovers.co.in/website mockups new/AppleIphone11-JOKERPLAYINGWITHCARDS.jpg,0,0,Desi covers back cover for Apple Iphone 11 - JOKER PLAYING WITH CARDS ,"light weight , hard fiber case , good print quality",199,0,0,0,0,IPHONE
AppleIphone11-JOKERSMILE,MOBILE,APPLE IPHONE 5S/SE,http://desicovers.co.in/website mockups new/AppleIphone11-JOKERSMILE.jpg,0,0,Desi covers back cover for Apple Iphone 11 - JOKER SMILE ,"light weight , hard fiber case , good print quality",199,0,0,0,0,IPHONE
AppleIphone11-JONYBRAVO,MOBILE,APPLE IPHONE 5S/SE,http://desicovers.co.in/website mockups new/AppleIphone11-JONYBRAVO.jpg,0,0,Desi covers back cover for Apple Iphone 11 - JONY BRAVO ,"light weight , hard fiber case , good print quality",199,0,0,0,0,IPHONE
AppleIphone11-JUSTABUSINESSMAN,MOBILE,APPLE IPHONE 5S/SE,http://desicovers.co.in/website mockups new/AppleIphone11-JUSTABUSINESSMAN.jpg,0,0,Desi covers back cover for Apple Iphone 11 - JUST A BUSINESSMAN ,"light weight , hard fiber case , good print quality",199,0,0,0,0,IPHONE
AppleIphone11-KALSESUTTABAND,MOBILE,APPLE IPHONE 5S/SE,http://desicovers.co.in/website mockups new/AppleIphone11-KALSESUTTABAND.jpg,0,0,Desi covers back cover for Apple Iphone 11 - KAL SE SUTTA BAND ,"light weight , hard fiber case , good print quality",199,0,0,0,0,IPHONE
AppleIphone11-KINGSEEMLESS,MOBILE,APPLE IPHONE 5S/SE,http://desicovers.co.in/website mockups new/AppleIphone11-KINGSEEMLESS.jpg,0,0,Desi covers back cover for Apple Iphone 11 - KING SEEMLESS ,"light weight , hard fiber case , good print quality",199,0,0,0,0,IPHONE
AppleIphone11-KTMDESIGN,MOBILE,APPLE IPHONE 5S/SE,http://desicovers.co.in/website mockups new/AppleIphone11-KTMDESIGN.jpg,0,0,Desi covers back cover for Apple Iphone 11 - KTM DESIGN ,"light weight , hard fiber case , good print quality",199,0,0,0,0,IPHONE
AppleIphone11-LEATHER,MOBILE,APPLE IPHONE 5S/SE,http://desicovers.co.in/website mockups new/AppleIphone11-LEATHER.jpg,0,0,Desi covers back cover for Apple Iphone 11 - LEATHER ,"light weight , hard fiber case , good print quality",199,0,0,0,0,IPHONE
AppleIphone11-LIGHTBLUESTRIPS,MOBILE,APPLE IPHONE 5S/SE,http://desicovers.co.in/website mockups new/AppleIphone11-LIGHTBLUESTRIPS.jpg,0,0,Desi covers back cover for Apple Iphone 11 - LIGHT BLUE STRIPS ,"light weight , hard fiber case , good print quality",199,0,0,0,0,IPHONE
AppleIphone11-LITTLEPIECEOFHOPE,MOBILE,APPLE IPHONE 5S/SE,http://desicovers.co.in/website mockups new/AppleIphone11-LITTLEPIECEOFHOPE.jpg,0,0,Desi covers back cover for Apple Iphone 11 - LITTLE PIECE OF HOPE ,"light weight , hard fiber case , good print quality",199,0,0,0,0,IPHONE
AppleIphone11-LOVEOFPARIS,MOBILE,APPLE IPHONE 5S/SE,http://desicovers.co.in/website mockups new/AppleIphone11-LOVEOFPARIS.jpg,0,0,Desi covers back cover for Apple Iphone 11 - LOVE OF PARIS ,"light weight , hard fiber case , good print quality",199,0,0,0,0,IPHONE
AppleIphone11-LOVELYSHINCHAN,MOBILE,APPLE IPHONE 5S/SE,http://desicovers.co.in/website mockups new/AppleIphone11-LOVELYSHINCHAN.jpg,0,0,Desi covers back cover for Apple Iphone 11 - LOVELY SHINCHAN ,"light weight , hard fiber case , good print quality",199,0,0,0,0,IPHONE
AppleIphone11-MANCHESTERUNITEDFOREVER,MOBILE,APPLE IPHONE 5S/SE,http://desicovers.co.in/website mockups new/AppleIphone11-MANCHESTERUNITEDFOREVER.jpg,0,0,Desi covers back cover for Apple Iphone 11 - MANCHESTER UNITED FOREVER ,"light weight , hard fiber case , good print quality",199,0,0,0,0,IPHONE
AppleIphone11-MANCHESTERUNITEDLOGO,MOBILE,APPLE IPHONE 5S/SE,http://desicovers.co.in/website mockups new/AppleIphone11-MANCHESTERUNITEDLOGO.jpg,0,0,Desi covers back cover for Apple Iphone 11 - MANCHESTER UNITED LOGO ,"light weight , hard fiber case , good print quality",199,0,0,0,0,IPHONE
AppleIphone11-MANDALAART,MOBILE,APPLE IPHONE 5S/SE,http://desicovers.co.in/website mockups new/AppleIphone11-MANDALAART.jpg,0,0,Desi covers back cover for Apple Iphone 11 - MANDALA ART ,"light weight , hard fiber case , good print quality",199,0,0,0,0,IPHONE
AppleIphone11-MATHSFORMULA,MOBILE,APPLE IPHONE 5S/SE,http://desicovers.co.in/website mockups new/AppleIphone11-MATHSFORMULA.jpg,0,0,Desi covers back cover for Apple Iphone 11 - MATHS FORMULA ,"light weight , hard fiber case , good print quality",199,0,0,0,0,IPHONE
AppleIphone11-MATHSGEOMETRY,MOBILE,APPLE IPHONE 5S/SE,http://desicovers.co.in/website mockups new/AppleIphone11-MATHSGEOMETRY.jpg,0,0,Desi covers back cover for Apple Iphone 11 - MATHS GEOMETRY ,"light weight , hard fiber case , good print quality",199,0,0,0,0,IPHONE
AppleIphone11-MERIWALIALAGHAI,MOBILE,APPLE IPHONE 5S/SE,http://desicovers.co.in/website mockups new/AppleIphone11-MERIWALIALAGHAI.jpg,0,0,Desi covers back cover for Apple Iphone 11 - MERI WALI ALAG HAI ,"light weight , hard fiber case , good print quality",199,0,0,0,0,IPHONE
AppleIphone11-MESSI2,MOBILE,APPLE IPHONE 5S/SE,http://desicovers.co.in/website mockups new/AppleIphone11-MESSI2.jpg,0,0,Desi covers back cover for Apple Iphone 11 - MESSI 2 ,"light weight , hard fiber case , good print quality",199,0,0,0,0,IPHONE
AppleIphone11-MESSI10LOGO,MOBILE,APPLE IPHONE 5S/SE,http://desicovers.co.in/website mockups new/AppleIphone11-MESSI10LOGO.jpg,0,0,Desi covers back cover for Apple Iphone 11 - MESSI 10 LOGO ,"light weight , hard fiber case , good print quality",199,0,0,0,0,IPHONE
AppleIphone11-MESSIWITHJERSEY,MOBILE,APPLE IPHONE 5S/SE,http://desicovers.co.in/website mockups new/AppleIphone11-MESSIWITHJERSEY.jpg,0,0,Desi covers back cover for Apple Iphone 11 - MESSI WITH JERSEY ,"light weight , hard fiber case , good print quality",199,0,0,0,0,IPHONE
AppleIphone11-MESSI,MOBILE,APPLE IPHONE 5S/SE,http://desicovers.co.in/website mockups new/AppleIphone11-MESSI.jpg,0,0,Desi covers back cover for Apple Iphone 11 - MESSI ,"light weight , hard fiber case , good print quality",199,0,0,0,0,IPHONE
AppleIphone11-MICKEYHAND,MOBILE,APPLE IPHONE 5S/SE,http://desicovers.co.in/website mockups new/AppleIphone11-MICKEYHAND.jpg,0,0,Desi covers back cover for Apple Iphone 11 - MICKEY HAND ,"light weight , hard fiber case , good print quality",199,0,0,0,0,IPHONE
AppleIphone11-MICKEYMINNIE,MOBILE,APPLE IPHONE 5S/SE,http://desicovers.co.in/website mockups new/AppleIphone11-MICKEYMINNIE.jpg,0,0,Desi covers back cover for Apple Iphone 11 - MICKEY MINNIE ,"light weight , hard fiber case , good print quality",199,0,0,0,0,IPHONE
AppleIphone11-MICKEY,MOBILE,APPLE IPHONE 5S/SE,http://desicovers.co.in/website mockups new/AppleIphone11-MICKEY.jpg,0,0,Desi covers back cover for Apple Iphone 11 - MICKEY ,"light weight , hard fiber case , good print quality",199,0,0,0,0,IPHONE
AppleIphone11-MINIONEYE,MOBILE,APPLE IPHONE 5S/SE,http://desicovers.co.in/website mockups new/AppleIphone11-MINIONEYE.jpg,0,0,Desi covers back cover for Apple Iphone 11 - MINION EYE ,"light weight , hard fiber case , good print quality",199,0,0,0,0,IPHONE
AppleIphone11-MINIONSINGLEEYE,MOBILE,APPLE IPHONE 5S/SE,http://desicovers.co.in/website mockups new/AppleIphone11-MINIONSINGLEEYE.jpg,0,0,Desi covers back cover for Apple Iphone 11 - MINION SINGLE EYE ,"light weight , hard fiber case , good print quality",199,0,0,0,0,IPHONE
AppleIphone11-MINIONWITHHEART,MOBILE,APPLE IPHONE 5S/SE,http://desicovers.co.in/website mockups new/AppleIphone11-MINIONWITHHEART.jpg,0,0,Desi covers back cover for Apple Iphone 11 - MINION WITH HEART ,"light weight , hard fiber case , good print quality",199,0,0,0,0,IPHONE
AppleIphone11-MINNE,MOBILE,APPLE IPHONE 5S/SE,http://desicovers.co.in/website mockups new/AppleIphone11-MINNE.jpg,0,0,Desi covers back cover for Apple Iphone 11 - MINNE ,"light weight , hard fiber case , good print quality",199,0,0,0,0,IPHONE
AppleIphone11-MINNIE,MOBILE,APPLE IPHONE 5S/SE,http://desicovers.co.in/website mockups new/AppleIphone11-MINNIE.jpg,0,0,Desi covers back cover for Apple Iphone 11 - MINNIE ,"light weight , hard fiber case , good print quality",199,0,0,0,0,IPHONE
AppleIphone11-MULTICOLORABSTRACT,MOBILE,APPLE IPHONE 5S/SE,http://desicovers.co.in/website mockups new/AppleIphone11-MULTICOLORABSTRACT.jpg,0,0,Desi covers back cover for Apple Iphone 11 - MULTICOLOR ABSTRACT ,"light weight , hard fiber case , good print quality",199,0,0,0,0,IPHONE
AppleIphone11-MULTICOLORMANDALA,MOBILE,APPLE IPHONE 5S/SE,http://desicovers.co.in/website mockups new/AppleIphone11-MULTICOLORMANDALA.jpg,0,0,Desi covers back cover for Apple Iphone 11 - MULTICOLOR MANDALA ,"light weight , hard fiber case , good print quality",199,0,0,0,0,IPHONE
AppleIphone11-MULTICOLORSTRIPES,MOBILE,APPLE IPHONE 5S/SE,http://desicovers.co.in/website mockups new/AppleIphone11-MULTICOLORSTRIPES.jpg,0,0,Desi covers back cover for Apple Iphone 11 - MULTICOLOR STRIPES ,"light weight , hard fiber case , good print quality",199,0,0,0,0,IPHONE
AppleIphone11-MULTICOLORWAVEABSTRACT,MOBILE,APPLE IPHONE 5S/SE,http://desicovers.co.in/website mockups new/AppleIphone11-MULTICOLORWAVEABSTRACT.jpg,0,0,Desi covers back cover for Apple Iphone 11 - MULTICOLOR WAVE ABSTRACT ,"light weight , hard fiber case , good print quality",199,0,0,0,0,IPHONE
AppleIphone11-NEONSPIDERMAN,MOBILE,APPLE IPHONE 5S/SE,http://desicovers.co.in/website mockups new/AppleIphone11-NEONSPIDERMAN.jpg,0,0,Desi covers back cover for Apple Iphone 11 - NEON SPIDERMAN ,"light weight , hard fiber case , good print quality",199,0,0,0,0,IPHONE
AppleIphone11-NINJAGIRLPANDA,MOBILE,APPLE IPHONE 5S/SE,http://desicovers.co.in/website mockups new/AppleIphone11-NINJAGIRLPANDA.jpg,0,0,Desi covers back cover for Apple Iphone 11 - NINJA GIRL PANDA ,"light weight , hard fiber case , good print quality",199,0,0,0,0,IPHONE
AppleIphone11-NOPAINNOGAIN,MOBILE,APPLE IPHONE 5S/SE,http://desicovers.co.in/website mockups new/AppleIphone11-NOPAINNOGAIN.jpg,0,0,Desi covers back cover for Apple Iphone 11 - NO PAIN NO GAIN ,"light weight , hard fiber case , good print quality",199,0,0,0,0,IPHONE
AppleIphone11-NOTHINGISIMPOSSIBLE,MOBILE,APPLE IPHONE 5S/SE,http://desicovers.co.in/website mockups new/AppleIphone11-NOTHINGISIMPOSSIBLE.jpg,0,0,Desi covers back cover for Apple Iphone 11 - NOTHING IS IMPOSSIBLE ,"light weight , hard fiber case , good print quality",199,0,0,0,0,IPHONE
AppleIphone11-OPENYOURMINDBEFOREYOURMOUTH,MOBILE,APPLE IPHONE 5S/SE,http://desicovers.co.in/website mockups new/AppleIphone11-OPENYOURMINDBEFOREYOURMOUTH.jpg,0,0,Desi covers back cover for Apple Iphone 11 - OPEN YOUR MIND BEFORE YOUR MOUTH ,"light weight , hard fiber case , good print quality",199,0,0,0,0,IPHONE
AppleIphone11-ORANGEADIDAS,MOBILE,APPLE IPHONE 5S/SE,http://desicovers.co.in/website mockups new/AppleIphone11-ORANGEADIDAS.jpg,0,0,Desi covers back cover for Apple Iphone 11 - ORANGE ADIDAS ,"light weight , hard fiber case , good print quality",199,0,0,0,0,IPHONE
AppleIphone11-PAIRSHOES,MOBILE,APPLE IPHONE 5S/SE,http://desicovers.co.in/website mockups new/AppleIphone11-PAIRSHOES.jpg,0,0,Desi covers back cover for Apple Iphone 11 - PAIR SHOES ,"light weight , hard fiber case , good print quality",199,0,0,0,0,IPHONE
AppleIphone11-PANDAFOOTPRINTS,MOBILE,APPLE IPHONE 5S/SE,http://desicovers.co.in/website mockups new/AppleIphone11-PANDAFOOTPRINTS.jpg,0,0,Desi covers back cover for Apple Iphone 11 - PANDA FOOTPRINTS ,"light weight , hard fiber case , good print quality",199,0,0,0,0,IPHONE
AppleIphone11-PANDAWITHBLACKHEARTS,MOBILE,APPLE IPHONE 5S/SE,http://desicovers.co.in/website mockups new/AppleIphone11-PANDAWITHBLACKHEARTS.jpg,0,0,Desi covers back cover for Apple Iphone 11 - PANDA WITH BLACK HEARTS ,"light weight , hard fiber case , good print quality",199,0,0,0,0,IPHONE
AppleIphone11-PANDAWITHCAKE,MOBILE,APPLE IPHONE 5S/SE,http://desicovers.co.in/website mockups new/AppleIphone11-PANDAWITHCAKE.jpg,0,0,Desi covers back cover for Apple Iphone 11 - PANDA WITH CAKE ,"light weight , hard fiber case , good print quality",199,0,0,0,0,IPHONE
AppleIphone11-PANDAWITHHEART,MOBILE,APPLE IPHONE 5S/SE,http://desicovers.co.in/website mockups new/AppleIphone11-PANDAWITHHEART.jpg,0,0,Desi covers back cover for Apple Iphone 11 - PANDA WITH HEART ,"light weight , hard fiber case , good print quality",199,0,0,0,0,IPHONE
AppleIphone11-PARASHOOT,MOBILE,APPLE IPHONE 5S/SE,http://desicovers.co.in/website mockups new/AppleIphone11-PARASHOOT.jpg,0,0,Desi covers back cover for Apple Iphone 11 - PARASHOOT ,"light weight , hard fiber case , good print quality",199,0,0,0,0,IPHONE
AppleIphone11-PIKACHUFACE,MOBILE,APPLE IPHONE 5S/SE,http://desicovers.co.in/website mockups new/AppleIphone11-PIKACHUFACE.jpg,0,0,Desi covers back cover for Apple Iphone 11 - PIKACHU FACE ,"light weight , hard fiber case , good print quality",199,0,0,0,0,IPHONE
AppleIphone11-PINKANGRAYMARBLE,MOBILE,APPLE IPHONE 5S/SE,http://desicovers.co.in/website mockups new/AppleIphone11-PINKANGRAYMARBLE.jpg,0,0,Desi covers back cover for Apple Iphone 11 - PINK AN GRAY MARBLE ,"light weight , hard fiber case , good print quality",199,0,0,0,0,IPHONE
AppleIphone11-PINKFLORA,MOBILE,APPLE IPHONE 5S/SE,http://desicovers.co.in/website mockups new/AppleIphone11-PINKFLORA.jpg,0,0,Desi covers back cover for Apple Iphone 11 - PINK FLORA ,"light weight , hard fiber case , good print quality",199,0,0,0,0,IPHONE
AppleIphone11-PINKHEARTS,MOBILE,APPLE IPHONE 5S/SE,http://desicovers.co.in/website mockups new/AppleIphone11-PINKHEARTS.jpg,0,0,Desi covers back cover for Apple Iphone 11 - PINK HEARTS ,"light weight , hard fiber case , good print quality",199,0,0,0,0,IPHONE
AppleIphone11-PINKPANDA,MOBILE,APPLE IPHONE 5S/SE,http://desicovers.co.in/website mockups new/AppleIphone11-PINKPANDA.jpg,0,0,Desi covers back cover for Apple Iphone 11 - PINK PANDA ,"light weight , hard fiber case , good print quality",199,0,0,0,0,IPHONE
AppleIphone11-PINKWHITESTRIPS,MOBILE,APPLE IPHONE 5S/SE,http://desicovers.co.in/website mockups new/AppleIphone11-PINKWHITESTRIPS.jpg,0,0,Desi covers back cover for Apple Iphone 11 - PINK WHITE STRIPS ,"light weight , hard fiber case , good print quality",199,0,0,0,0,IPHONE
AppleIphone11-POKEBALL,MOBILE,APPLE IPHONE 5S/SE,http://desicovers.co.in/website mockups new/AppleIphone11-POKEBALL.jpg,0,0,Desi covers back cover for Apple Iphone 11 - POKEBALL ,"light weight , hard fiber case , good print quality",199,0,0,0,0,IPHONE
AppleIphone11-POLYGONABSTRACT,MOBILE,APPLE IPHONE 5S/SE,http://desicovers.co.in/website mockups new/AppleIphone11-POLYGONABSTRACT.jpg,0,0,Desi covers back cover for Apple Iphone 11 - POLYGON ABSTRACT ,"light weight , hard fiber case , good print quality",199,0,0,0,0,IPHONE
AppleIphone11-PUBGBATTELGROUND,MOBILE,APPLE IPHONE 5S/SE,http://desicovers.co.in/website mockups new/AppleIphone11-PUBGBATTELGROUND.jpg,0,0,Desi covers back cover for Apple Iphone 11 - PUBG BATTELGROUND ,"light weight , hard fiber case , good print quality",199,0,0,0,0,IPHONE
AppleIphone11-PUBGBUGGYLOGO,MOBILE,APPLE IPHONE 5S/SE,http://desicovers.co.in/website mockups new/AppleIphone11-PUBGBUGGYLOGO.jpg,0,0,Desi covers back cover for Apple Iphone 11 - PUBG BUGGY LOGO ,"light weight , hard fiber case , good print quality",199,0,0,0,0,IPHONE
AppleIphone11-PUBGGAMINGLOGO,MOBILE,APPLE IPHONE 5S/SE,http://desicovers.co.in/website mockups new/AppleIphone11-PUBGGAMINGLOGO.jpg,0,0,Desi covers back cover for Apple Iphone 11 - PUBG GAMING LOGO ,"light weight , hard fiber case , good print quality",199,0,0,0,0,IPHONE
AppleIphone11-PUBGGAMINGTEAMLOGO,MOBILE,APPLE IPHONE 5S/SE,http://desicovers.co.in/website mockups new/AppleIphone11-PUBGGAMINGTEAMLOGO.jpg,0,0,Desi covers back cover for Apple Iphone 11 - PUBG GAMING TEAM LOGO ,"light weight , hard fiber case , good print quality",199,0,0,0,0,IPHONE
AppleIphone11-PUBGWAPLOGO,MOBILE,APPLE IPHONE 5S/SE,http://desicovers.co.in/website mockups new/AppleIphone11-PUBGWAPLOGO.jpg,0,0,Desi covers back cover for Apple Iphone 11 - PUBG WAP  LOGO ,"light weight , hard fiber case , good print quality",199,0,0,0,0,IPHONE
AppleIphone11-PURITYISLIKEACOCAINE,MOBILE,APPLE IPHONE 5S/SE,http://desicovers.co.in/website mockups new/AppleIphone11-PURITYISLIKEACOCAINE.jpg,0,0,Desi covers back cover for Apple Iphone 11 - PURITY IS LIKE A COCAINE ,"light weight , hard fiber case , good print quality",199,0,0,0,0,IPHONE
AppleIphone11-PURPLEABSTRATC,MOBILE,APPLE IPHONE 5S/SE,http://desicovers.co.in/website mockups new/AppleIphone11-PURPLEABSTRATC.jpg,0,0,Desi covers back cover for Apple Iphone 11 - PURPLE ABSTRATC ,"light weight , hard fiber case , good print quality",199,0,0,0,0,IPHONE
AppleIphone11-PURPLEADIDAS,MOBILE,APPLE IPHONE 5S/SE,http://desicovers.co.in/website mockups new/AppleIphone11-PURPLEADIDAS.jpg,0,0,Desi covers back cover for Apple Iphone 11 - PURPLE ADIDAS ,"light weight , hard fiber case , good print quality",199,0,0,0,0,IPHONE
AppleIphone11-PURPLEBUTTERFLY,MOBILE,APPLE IPHONE 5S/SE,http://desicovers.co.in/website mockups new/AppleIphone11-PURPLEBUTTERFLY.jpg,0,0,Desi covers back cover for Apple Iphone 11 - PURPLE BUTTERFLY ,"light weight , hard fiber case , good print quality",199,0,0,0,0,IPHONE
AppleIphone11-REDANBLACKFLOWERS,MOBILE,APPLE IPHONE 5S/SE,http://desicovers.co.in/website mockups new/AppleIphone11-REDANBLACKFLOWERS.jpg,0,0,Desi covers back cover for Apple Iphone 11 - RED AN BLACK FLOWERS ,"light weight , hard fiber case , good print quality",199,0,0,0,0,IPHONE
AppleIphone11-REDFLOWERSWITHMARBLE,MOBILE,APPLE IPHONE 5S/SE,http://desicovers.co.in/website mockups new/AppleIphone11-REDFLOWERSWITHMARBLE.jpg,0,0,Desi covers back cover for Apple Iphone 11 - RED FLOWERS WITH MARBLE ,"light weight , hard fiber case , good print quality",199,0,0,0,0,IPHONE
AppleIphone11-REDFLOWERS,MOBILE,APPLE IPHONE 5S/SE,http://desicovers.co.in/website mockups new/AppleIphone11-REDFLOWERS.jpg,0,0,Desi covers back cover for Apple Iphone 11 - RED FLOWERS ,"light weight , hard fiber case , good print quality",199,0,0,0,0,IPHONE
AppleIphone11-REDIRONMAN,MOBILE,APPLE IPHONE 5S/SE,http://desicovers.co.in/website mockups new/AppleIphone11-REDIRONMAN.jpg,0,0,Desi covers back cover for Apple Iphone 11 - RED IRON MAN ,"light weight , hard fiber case , good print quality",199,0,0,0,0,IPHONE
AppleIphone11-REDZONE,MOBILE,APPLE IPHONE 5S/SE,http://desicovers.co.in/website mockups new/AppleIphone11-REDZONE.jpg,0,0,Desi covers back cover for Apple Iphone 11 - RED ZONE ,"light weight , hard fiber case , good print quality",199,0,0,0,0,IPHONE
AppleIphone11-RESHADEDMARBLE,MOBILE,APPLE IPHONE 5S/SE,http://desicovers.co.in/website mockups new/AppleIphone11-RESHADEDMARBLE.jpg,0,0,Desi covers back cover for Apple Iphone 11 - RESHADED MARBLE ,"light weight , hard fiber case , good print quality",199,0,0,0,0,IPHONE
AppleIphone11-RONALDO7LOGO,MOBILE,APPLE IPHONE 5S/SE,http://desicovers.co.in/website mockups new/AppleIphone11-RONALDO7LOGO.jpg,0,0,Desi covers back cover for Apple Iphone 11 - RONALDO  7 LOGO ,"light weight , hard fiber case , good print quality",199,0,0,0,0,IPHONE
AppleIphone11-RONALDO2,MOBILE,APPLE IPHONE 5S/SE,http://desicovers.co.in/website mockups new/AppleIphone11-RONALDO2.jpg,0,0,Desi covers back cover for Apple Iphone 11 - RONALDO 2 ,"light weight , hard fiber case , good print quality",199,0,0,0,0,IPHONE
AppleIphone11-RONALDO7JERSEY,MOBILE,APPLE IPHONE 5S/SE,http://desicovers.co.in/website mockups new/AppleIphone11-RONALDO7JERSEY.jpg,0,0,Desi covers back cover for Apple Iphone 11 - RONALDO 7 JERSEY ,"light weight , hard fiber case , good print quality",199,0,0,0,0,IPHONE
AppleIphone11-RONALDO,MOBILE,APPLE IPHONE 5S/SE,http://desicovers.co.in/website mockups new/AppleIphone11-RONALDO.jpg,0,0,Desi covers back cover for Apple Iphone 11 - RONALDO ,"light weight , hard fiber case , good print quality",199,0,0,0,0,IPHONE
AppleIphone11-SAMURAI,MOBILE,APPLE IPHONE 5S/SE,http://desicovers.co.in/website mockups new/AppleIphone11-SAMURAI.jpg,0,0,Desi covers back cover for Apple Iphone 11 - SAMURAI ,"light weight , hard fiber case , good print quality",199,0,0,0,0,IPHONE
AppleIphone11-SANSKARI,MOBILE,APPLE IPHONE 5S/SE,http://desicovers.co.in/website mockups new/AppleIphone11-SANSKARI.jpg,0,0,Desi covers back cover for Apple Iphone 11 - SANSKARI ,"light weight , hard fiber case , good print quality",199,0,0,0,0,IPHONE
AppleIphone11-SCHOOLSTUFF,MOBILE,APPLE IPHONE 5S/SE,http://desicovers.co.in/website mockups new/AppleIphone11-SCHOOLSTUFF.jpg,0,0,Desi covers back cover for Apple Iphone 11 - SCHOOL STUFF ,"light weight , hard fiber case , good print quality",199,0,0,0,0,IPHONE
AppleIphone11-SCHOOLTIME,MOBILE,APPLE IPHONE 5S/SE,http://desicovers.co.in/website mockups new/AppleIphone11-SCHOOLTIME.jpg,0,0,Desi covers back cover for Apple Iphone 11 - SCHOOL TIME ,"light weight , hard fiber case , good print quality",199,0,0,0,0,IPHONE
AppleIphone11-SCHOOL,MOBILE,APPLE IPHONE 5S/SE,http://desicovers.co.in/website mockups new/AppleIphone11-SCHOOL.jpg,0,0,Desi covers back cover for Apple Iphone 11 - SCHOOL ,"light weight , hard fiber case , good print quality",199,0,0,0,0,IPHONE
AppleIphone11-SCIENCELAB,MOBILE,APPLE IPHONE 5S/SE,http://desicovers.co.in/website mockups new/AppleIphone11-SCIENCELAB.jpg,0,0,Desi covers back cover for Apple Iphone 11 - SCIENCE LAB ,"light weight , hard fiber case , good print quality",199,0,0,0,0,IPHONE
AppleIphone11-SEEMLESS,MOBILE,APPLE IPHONE 5S/SE,http://desicovers.co.in/website mockups new/AppleIphone11-SEEMLESS.jpg,0,0,Desi covers back cover for Apple Iphone 11 - SEEMLESS ,"light weight , hard fiber case , good print quality",199,0,0,0,0,IPHONE
AppleIphone11-SHADEDPINKSTRIPES,MOBILE,APPLE IPHONE 5S/SE,http://desicovers.co.in/website mockups new/AppleIphone11-SHADEDPINKSTRIPES.jpg,0,0,Desi covers back cover for Apple Iphone 11 - SHADED PINK STRIPES ,"light weight , hard fiber case , good print quality",199,0,0,0,0,IPHONE
AppleIphone11-SHINCHANWITHHEART,MOBILE,APPLE IPHONE 5S/SE,http://desicovers.co.in/website mockups new/AppleIphone11-SHINCHANWITHHEART.jpg,0,0,Desi covers back cover for Apple Iphone 11 - SHINCHAN WITH HEART ,"light weight , hard fiber case , good print quality",199,0,0,0,0,IPHONE
AppleIphone11-SHINCHAN,MOBILE,APPLE IPHONE 5S/SE,http://desicovers.co.in/website mockups new/AppleIphone11-SHINCHAN.jpg,0,0,Desi covers back cover for Apple Iphone 11 - SHINCHAN ,"light weight , hard fiber case , good print quality",199,0,0,0,0,IPHONE
AppleIphone11-SHIVAHALFFACE,MOBILE,APPLE IPHONE 5S/SE,http://desicovers.co.in/website mockups new/AppleIphone11-SHIVAHALFFACE.jpg,0,0,Desi covers back cover for Apple Iphone 11 - SHIVA HALF FACE ,"light weight , hard fiber case , good print quality",199,0,0,0,0,IPHONE
AppleIphone11-SHIVA,MOBILE,APPLE IPHONE 5S/SE,http://desicovers.co.in/website mockups new/AppleIphone11-SHIVA.jpg,0,0,Desi covers back cover for Apple Iphone 11 - SHIVA ,"light weight , hard fiber case , good print quality",199,0,0,0,0,IPHONE
AppleIphone11-SLEEPYPANDA,MOBILE,APPLE IPHONE 5S/SE,http://desicovers.co.in/website mockups new/AppleIphone11-SLEEPYPANDA.jpg,0,0,Desi covers back cover for Apple Iphone 11 - SLEEPY PANDA ,"light weight , hard fiber case , good print quality",199,0,0,0,0,IPHONE
AppleIphone11-SMALLFLOWERS2,MOBILE,APPLE IPHONE 5S/SE,http://desicovers.co.in/website mockups new/AppleIphone11-SMALLFLOWERS2.jpg,0,0,Desi covers back cover for Apple Iphone 11 - SMALL FLOWERS 2 ,"light weight , hard fiber case , good print quality",199,0,0,0,0,IPHONE
AppleIphone11-SMALLFLOWERS,MOBILE,APPLE IPHONE 5S/SE,http://desicovers.co.in/website mockups new/AppleIphone11-SMALLFLOWERS.jpg,0,0,Desi covers back cover for Apple Iphone 11 - SMALL FLOWERS ,"light weight , hard fiber case , good print quality",199,0,0,0,0,IPHONE
AppleIphone11-SORRYIMNOTECOOL,MOBILE,APPLE IPHONE 5S/SE,http://desicovers.co.in/website mockups new/AppleIphone11-SORRYIMNOTECOOL.jpg,0,0,Desi covers back cover for Apple Iphone 11 - SORRY IM NOTE COOL ,"light weight , hard fiber case , good print quality",199,0,0,0,0,IPHONE
AppleIphone11-SPIDERLOGO,MOBILE,APPLE IPHONE 5S/SE,http://desicovers.co.in/website mockups new/AppleIphone11-SPIDERLOGO.jpg,0,0,Desi covers back cover for Apple Iphone 11 - SPIDER LOGO ,"light weight , hard fiber case , good print quality",199,0,0,0,0,IPHONE
AppleIphone11-SPIDERMANLOGO,MOBILE,APPLE IPHONE 5S/SE,http://desicovers.co.in/website mockups new/AppleIphone11-SPIDERMANLOGO.jpg,0,0,Desi covers back cover for Apple Iphone 11 - SPIDERMAN LOGO ,"light weight , hard fiber case , good print quality",199,0,0,0,0,IPHONE
AppleIphone11-SPIDERMANMASK,MOBILE,APPLE IPHONE 5S/SE,http://desicovers.co.in/website mockups new/AppleIphone11-SPIDERMANMASK.jpg,0,0,Desi covers back cover for Apple Iphone 11 - SPIDERMAN MASK ,"light weight , hard fiber case , good print quality",199,0,0,0,0,IPHONE
AppleIphone11-SPIDERMANWEB,MOBILE,APPLE IPHONE 5S/SE,http://desicovers.co.in/website mockups new/AppleIphone11-SPIDERMANWEB.jpg,0,0,Desi covers back cover for Apple Iphone 11 - SPIDERMAN WEB ,"light weight , hard fiber case , good print quality",199,0,0,0,0,IPHONE
AppleIphone11-SPIDERMAN,MOBILE,APPLE IPHONE 5S/SE,http://desicovers.co.in/website mockups new/AppleIphone11-SPIDERMAN.jpg,0,0,Desi covers back cover for Apple Iphone 11 - SPIDERMAN ,"light weight , hard fiber case , good print quality",199,0,0,0,0,IPHONE
AppleIphone11-SPONCHBOX,MOBILE,APPLE IPHONE 5S/SE,http://desicovers.co.in/website mockups new/AppleIphone11-SPONCHBOX.jpg,0,0,Desi covers back cover for Apple Iphone 11 - SPONCH BOX ,"light weight , hard fiber case , good print quality",199,0,0,0,0,IPHONE
AppleIphone11-STRIPESWITHHEART,MOBILE,APPLE IPHONE 5S/SE,http://desicovers.co.in/website mockups new/AppleIphone11-STRIPESWITHHEART.jpg,0,0,Desi covers back cover for Apple Iphone 11 - STRIPES WITH HEART ,"light weight , hard fiber case , good print quality",199,0,0,0,0,IPHONE
AppleIphone11-STRIPESWITHMOUSTACHE,MOBILE,APPLE IPHONE 5S/SE,http://desicovers.co.in/website mockups new/AppleIphone11-STRIPESWITHMOUSTACHE.jpg,0,0,Desi covers back cover for Apple Iphone 11 - STRIPES WITH MOUSTACHE ,"light weight , hard fiber case , good print quality",199,0,0,0,0,IPHONE
AppleIphone11-STRIPES,MOBILE,APPLE IPHONE 5S/SE,http://desicovers.co.in/website mockups new/AppleIphone11-STRIPES.jpg,0,0,Desi covers back cover for Apple Iphone 11 - STRIPES ,"light weight , hard fiber case , good print quality",199,0,0,0,0,IPHONE
AppleIphone11-STUDYTOSAVELIVES,MOBILE,APPLE IPHONE 5S/SE,http://desicovers.co.in/website mockups new/AppleIphone11-STUDYTOSAVELIVES.jpg,0,0,Desi covers back cover for Apple Iphone 11 - STUDY TO SAVE LIVES ,"light weight , hard fiber case , good print quality",199,0,0,0,0,IPHONE
AppleIphone11-SUPERSAIYAN,MOBILE,APPLE IPHONE 5S/SE,http://desicovers.co.in/website mockups new/AppleIphone11-SUPERSAIYAN.jpg,0,0,Desi covers back cover for Apple Iphone 11 - SUPER SAIYAN ,"light weight , hard fiber case , good print quality",199,0,0,0,0,IPHONE
AppleIphone11-SUPEREME,MOBILE,APPLE IPHONE 5S/SE,http://desicovers.co.in/website mockups new/AppleIphone11-SUPEREME.jpg,0,0,Desi covers back cover for Apple Iphone 11 - SUPEREME ,"light weight , hard fiber case , good print quality",199,0,0,0,0,IPHONE
AppleIphone11-SUPREMEINBLACK,MOBILE,APPLE IPHONE 5S/SE,http://desicovers.co.in/website mockups new/AppleIphone11-SUPREMEINBLACK.jpg,0,0,Desi covers back cover for Apple Iphone 11 - SUPREME IN BLACK ,"light weight , hard fiber case , good print quality",199,0,0,0,0,IPHONE
AppleIphone11-SUPREMEINCAMEO,MOBILE,APPLE IPHONE 5S/SE,http://desicovers.co.in/website mockups new/AppleIphone11-SUPREMEINCAMEO.jpg,0,0,Desi covers back cover for Apple Iphone 11 - SUPREME IN CAMEO ,"light weight , hard fiber case , good print quality",199,0,0,0,0,IPHONE
AppleIphone11-SUPREMERED,MOBILE,APPLE IPHONE 5S/SE,http://desicovers.co.in/website mockups new/AppleIphone11-SUPREMERED.jpg,0,0,Desi covers back cover for Apple Iphone 11 - SUPREME RED ,"light weight , hard fiber case , good print quality",199,0,0,0,0,IPHONE
AppleIphone11-SUPREMEWITHEMOJIS,MOBILE,APPLE IPHONE 5S/SE,http://desicovers.co.in/website mockups new/AppleIphone11-SUPREMEWITHEMOJIS.jpg,0,0,Desi covers back cover for Apple Iphone 11 - SUPREME WITH EMOJIS ,"light weight , hard fiber case , good print quality",199,0,0,0,0,IPHONE
AppleIphone11-TEACHERQUOTE,MOBILE,APPLE IPHONE 5S/SE,http://desicovers.co.in/website mockups new/AppleIphone11-TEACHERQUOTE.jpg,0,0,Desi covers back cover for Apple Iphone 11 - TEACHER QUOTE ,"light weight , hard fiber case , good print quality",199,0,0,0,0,IPHONE
AppleIphone11-THEANGRYHULK,MOBILE,APPLE IPHONE 5S/SE,http://desicovers.co.in/website mockups new/AppleIphone11-THEANGRYHULK.jpg,0,0,Desi covers back cover for Apple Iphone 11 - THE ANGRY HULK ,"light weight , hard fiber case , good print quality",199,0,0,0,0,IPHONE
AppleIphone11-THEREALIRONMAN,MOBILE,APPLE IPHONE 5S/SE,http://desicovers.co.in/website mockups new/AppleIphone11-THEREALIRONMAN.jpg,0,0,Desi covers back cover for Apple Iphone 11 - THE REAL IRON MAN ,"light weight , hard fiber case , good print quality",199,0,0,0,0,IPHONE
AppleIphone11-THOUGHT,MOBILE,APPLE IPHONE 5S/SE,http://desicovers.co.in/website mockups new/AppleIphone11-THOUGHT.jpg,0,0,Desi covers back cover for Apple Iphone 11 - THOUGHT ,"light weight , hard fiber case , good print quality",199,0,0,0,0,IPHONE
AppleIphone11-TRAVELING2,MOBILE,APPLE IPHONE 5S/SE,http://desicovers.co.in/website mockups new/AppleIphone11-TRAVELING2.jpg,0,0,Desi covers back cover for Apple Iphone 11 - TRAVELING 2 ,"light weight , hard fiber case , good print quality",199,0,0,0,0,IPHONE
AppleIphone11-TRAVELING,MOBILE,APPLE IPHONE 5S/SE,http://desicovers.co.in/website mockups new/AppleIphone11-TRAVELING.jpg,0,0,Desi covers back cover for Apple Iphone 11 - TRAVELING ,"light weight , hard fiber case , good print quality",199,0,0,0,0,IPHONE
AppleIphone11-TUTERADEKH,MOBILE,APPLE IPHONE 5S/SE,http://desicovers.co.in/website mockups new/AppleIphone11-TUTERADEKH.jpg,0,0,Desi covers back cover for Apple Iphone 11 - TU TERA DEKH ,"light weight , hard fiber case , good print quality",199,0,0,0,0,IPHONE
AppleIphone11-VALLARMORGHULIS,MOBILE,APPLE IPHONE 5S/SE,http://desicovers.co.in/website mockups new/AppleIphone11-VALLARMORGHULIS.jpg,0,0,Desi covers back cover for Apple Iphone 11 - VALLAR MORGHULIS ,"light weight , hard fiber case , good print quality",199,0,0,0,0,IPHONE
AppleIphone11-VEGETABLEOUTLINE,MOBILE,APPLE IPHONE 5S/SE,http://desicovers.co.in/website mockups new/AppleIphone11-VEGETABLEOUTLINE.jpg,0,0,Desi covers back cover for Apple Iphone 11 - VEGETABLE OUTLINE ,"light weight , hard fiber case , good print quality",199,0,0,0,0,IPHONE
AppleIphone11-VENOMHALFFACE,MOBILE,APPLE IPHONE 5S/SE,http://desicovers.co.in/website mockups new/AppleIphone11-VENOMHALFFACE.jpg,0,0,Desi covers back cover for Apple Iphone 11 - VENOM HALF FACE ,"light weight , hard fiber case , good print quality",199,0,0,0,0,IPHONE
AppleIphone11-WATTLAGGAYI,MOBILE,APPLE IPHONE 5S/SE,http://desicovers.co.in/website mockups new/AppleIphone11-WATTLAGGAYI.jpg,0,0,Desi covers back cover for Apple Iphone 11 - WATT LAG GAYI ,"light weight , hard fiber case , good print quality",199,0,0,0,0,IPHONE
AppleIphone11-WAVEABSTRACT,MOBILE,APPLE IPHONE 5S/SE,http://desicovers.co.in/website mockups new/AppleIphone11-WAVEABSTRACT.jpg,0,0,Desi covers back cover for Apple Iphone 11 - WAVE ABSTRACT ,"light weight , hard fiber case , good print quality",199,0,0,0,0,IPHONE
AppleIphone11-WHITEBLACKBATMANLOGO,MOBILE,APPLE IPHONE 5S/SE,http://desicovers.co.in/website mockups new/AppleIphone11-WHITEBLACKBATMANLOGO.jpg,0,0,Desi covers back cover for Apple Iphone 11 - WHITE & BLACK BATMAN LOGO ,"light weight , hard fiber case , good print quality",199,0,0,0,0,IPHONE
AppleIphone11-WHITEANDGREYMARBLE,MOBILE,APPLE IPHONE 5S/SE,http://desicovers.co.in/website mockups new/AppleIphone11-WHITEANDGREYMARBLE.jpg,0,0,Desi covers back cover for Apple Iphone 11 - WHITE AND GREY MARBLE ,"light weight , hard fiber case , good print quality",199,0,0,0,0,IPHONE
AppleIphone11-WHITECHECKS,MOBILE,APPLE IPHONE 5S/SE,http://desicovers.co.in/website mockups new/AppleIphone11-WHITECHECKS.jpg,0,0,Desi covers back cover for Apple Iphone 11 - WHITE CHECKS ,"light weight , hard fiber case , good print quality",199,0,0,0,0,IPHONE
AppleIphone11-WHITECHELSEALOGO,MOBILE,APPLE IPHONE 5S/SE,http://desicovers.co.in/website mockups new/AppleIphone11-WHITECHELSEALOGO.jpg,0,0,Desi covers back cover for Apple Iphone 11 - WHITE CHELSEA LOGO ,"light weight , hard fiber case , good print quality",199,0,0,0,0,IPHONE
AppleIphone11-WHITEHEART,MOBILE,APPLE IPHONE 5S/SE,http://desicovers.co.in/website mockups new/AppleIphone11-WHITEHEART.jpg,0,0,Desi covers back cover for Apple Iphone 11 - WHITE HEART ,"light weight , hard fiber case , good print quality",199,0,0,0,0,IPHONE
AppleIphone11-WHITEMARBLE,MOBILE,APPLE IPHONE 5S/SE,http://desicovers.co.in/website mockups new/AppleIphone11-WHITEMARBLE.jpg,0,0,Desi covers back cover for Apple Iphone 11 - WHITE MARBLE ,"light weight , hard fiber case , good print quality",199,0,0,0,0,IPHONE
AppleIphone11-WHITETIGER,MOBILE,APPLE IPHONE 5S/SE,http://desicovers.co.in/website mockups new/AppleIphone11-WHITETIGER.jpg,0,0,Desi covers back cover for Apple Iphone 11 - WHITE TIGER ,"light weight , hard fiber case , good print quality",199,0,0,0,0,IPHONE
AppleIphone11-WHYSOSERIOUS,MOBILE,APPLE IPHONE 5S/SE,http://desicovers.co.in/website mockups new/AppleIphone11-WHYSOSERIOUS.jpg,0,0,Desi covers back cover for Apple Iphone 11 - WHY SO SERIOUS ,"light weight , hard fiber case , good print quality",199,0,0,0,0,IPHONE
AppleIphone11-WILDRIDER,MOBILE,APPLE IPHONE 5S/SE,http://desicovers.co.in/website mockups new/AppleIphone11-WILDRIDER.jpg,0,0,Desi covers back cover for Apple Iphone 11 - WILD RIDER ,"light weight , hard fiber case , good print quality",199,0,0,0,0,IPHONE
AppleIphone11-WINTERISCOMING,MOBILE,APPLE IPHONE 5S/SE,http://desicovers.co.in/website mockups new/AppleIphone11-WINTERISCOMING.jpg,0,0,Desi covers back cover for Apple Iphone 11 - WINTER IS COMING ,"light weight , hard fiber case , good print quality",199,0,0,0,0,IPHONE
AppleIphone11-WITHOUTENGINEERSCIENCEISPHILOSOPHY,MOBILE,APPLE IPHONE 5S/SE,http://desicovers.co.in/website mockups new/AppleIphone11-WITHOUTENGINEERSCIENCEISPHILOSOPHY.jpg,0,0,Desi covers back cover for Apple Iphone 11 - WITHOUT ENGINEER SCIENCE IS PHILOSOPHY ,"light weight , hard fiber case , good print quality",199,0,0,0,0,IPHONE
AppleIphone11-WONDERWOMENLOGO,MOBILE,APPLE IPHONE 5S/SE,http://desicovers.co.in/website mockups new/AppleIphone11-WONDERWOMENLOGO.jpg,0,0,Desi covers back cover for Apple Iphone 11 - WONDERWOMEN LOGO ,"light weight , hard fiber case , good print quality",199,0,0,0,0,IPHONE
AppleIphone11-WOOD2,MOBILE,APPLE IPHONE 5S/SE,http://desicovers.co.in/website mockups new/AppleIphone11-WOOD2.jpg,0,0,Desi covers back cover for Apple Iphone 11 - WOOD 2 ,"light weight , hard fiber case , good print quality",199,0,0,0,0,IPHONE
AppleIphone11-WOODBLOCKS,MOBILE,APPLE IPHONE 5S/SE,http://desicovers.co.in/website mockups new/AppleIphone11-WOODBLOCKS.jpg,0,0,Desi covers back cover for Apple Iphone 11 - WOOD BLOCKS ,"light weight , hard fiber case , good print quality",199,0,0,0,0,IPHONE
AppleIphone11-WOODSTRIPES,MOBILE,APPLE IPHONE 5S/SE,http://desicovers.co.in/website mockups new/AppleIphone11-WOODSTRIPES.jpg,0,0,Desi covers back cover for Apple Iphone 11 - WOOD STRIPES ,"light weight , hard fiber case , good print quality",199,0,0,0,0,IPHONE
AppleIphone11-WOODTEXTURE,MOBILE,APPLE IPHONE 5S/SE,http://desicovers.co.in/website mockups new/AppleIphone11-WOODTEXTURE.jpg,0,0,Desi covers back cover for Apple Iphone 11 - WOOD TEXTURE ,"light weight , hard fiber case , good print quality",199,0,0,0,0,IPHONE
AppleIphone11-WOODTREETEXTURE,MOBILE,APPLE IPHONE 5S/SE,http://desicovers.co.in/website mockups new/AppleIphone11-WOODTREETEXTURE.jpg,0,0,Desi covers back cover for Apple Iphone 11 - WOOD TREE TEXTURE ,"light weight , hard fiber case , good print quality",199,0,0,0,0,IPHONE
AppleIphone11-WOOD,MOBILE,APPLE IPHONE 5S/SE,http://desicovers.co.in/website mockups new/AppleIphone11-WOOD.jpg,0,0,Desi covers back cover for Apple Iphone 11 - WOOD ,"light weight , hard fiber case , good print quality",199,0,0,0,0,IPHONE
AppleIphone11-WORKHARDPLAYHARD,MOBILE,APPLE IPHONE 5S/SE,http://desicovers.co.in/website mockups new/AppleIphone11-WORKHARDPLAYHARD.jpg,0,0,Desi covers back cover for Apple Iphone 11 - WORK HARD PLAY HARD ,"light weight , hard fiber case , good print quality",199,0,0,0,0,IPHONE
AppleIphone11-YELLOWPATTERN,MOBILE,APPLE IPHONE 5S/SE,http://desicovers.co.in/website mockups new/AppleIphone11-YELLOWPATTERN.jpg,0,0,Desi covers back cover for Apple Iphone 11 - YELLOW PATTERN ,"light weight , hard fiber case , good print quality",199,0,0,0,0,IPHONE
AppleIphone11-YESYOUCAN,MOBILE,APPLE IPHONE 5S/SE,http://desicovers.co.in/website mockups new/AppleIphone11-YESYOUCAN.jpg,0,0,Desi covers back cover for Apple Iphone 11 - YES YOU CAN ,"light weight , hard fiber case , good print quality",199,0,0,0,0,IPHONE
AppleIphone11-ZEBRASTRIPES,MOBILE,APPLE IPHONE 5S/SE,http://desicovers.co.in/website mockups new/AppleIphone11-ZEBRASTRIPES.jpg,0,0,Desi covers back cover for Apple Iphone 11 - ZEBRA STRIPES ,"light weight , hard fiber case , good print quality",199,0,0,0,0,IPHONE
